Ticker|C|Name|Symbol|EPS|PE|Yield|% Chg|Change|Price|Ask|Bid|Trd Sz|Ask Sz|Bid Sz|Close|52 Week Range|52 High|High|Low|52 Low|Open|Call/Put|Imp Vol|Mark|Exch|Mkt Val|Market Cap|Shr Os|Volume|AVG Volume 6 Month|Blk Vol|Opn Int|Day % P/L|Day P/L|% P/L|P/L|Book Cost|Avg Cost|Entry Date|Quantity|Trade|Trend|Opn Int Chg|Curr|Q|Div|Div Pay Dt|Ex-Div|Exp Dt|Num Trd|Prc Tck|Quote Trend|Range|Rel Range|Strike
KRS|-|-|-|-|-|-|-|-|-|-|-|-|-|-|-|-|-|-|-|-|-|-|-|-|-|-|-|-|-|-|-|-|-|-|-|-|-|-|-|-|-|-|-|-|-|-|-|-|-|-|-|-|-|-|-
KS|CA|KLONDIKE SILVER|KS.V|0.00|0.00|0.00|3.45|0.005|0.15|0.15|0.14|"33|000.00"|163.00|244.00|0.14|0.32|0.34|0.15|0.14|0.01|0.15|-||0.15|   ||31.43|"216|734|035.00"|"2|122|345.00"|"915|456.78"|0.00||-|-|-|-|-|-|-|-|-|||CAD|D|0.00|03/29/2011|03/29/2011|-|187.00|þ||0.01||
KTN|CA|KOOTENAY SILVER|KTN.V|-0.01|0.00|0.00|-3.95|-0.015|0.36|0.38|0.36|"2|500.00"|54.00|3.00|0.38|0.43|0.54|0.39|0.36|0.12|0.39|-||0.37|   ||121.02|"318|484|825.00"|"283|227.00"|"571|508.05"|0.00||-|-|-|-|-|-|-|-|-|||CAD|D|0.00|-|-|-|80.00|þ||0.02||
KTO|CA|K2 GOLD CORPORTE|KTO.V|-0.04|0.00|0.00|-3.23|-0.02|0.60|0.65|0.60|"2|500.00"|1.00|45.00|0.62|0.85|0.96|0.63|0.60|0.11|0.62|-||0.63|   ||32.19|"51|918|634.00"|"124|789.00"|"161|093.44"|0.00||-|-|-|-|-|-|-|-|-|||CAD|D|0.00|03/02/2016|03/02/2016|-|35.00|þ||0.03||
KTR|CA|KINTAVAR EXPLRTN|KTR.V|-0.03|0.00|0.00|3.45|0.005|0.15|0.15|0.15|"3|500.00"|4.00|3.00|0.14|0.10|0.15|0.15|0.14|0.04|0.14|-||0.15|   ||13.22|"91|199|324.00"|"38|500.00"|"87|890.24"|0.00||-|-|-|-|-|-|-|-|-|||CAD|D|0.00|04/03/2017|04/03/2017|-|5.00|Þ||0.01||
KYU|-|-|-|-|-|-|-|-|-|-|-|-|-|-|-|-|-|-|-|-|-|-|-|-|-|-|-|-|-|-|-|-|-|-|-|-|-|-|-|-|-|-|-|-|-|-|-|-|-|-|-|-|-|-|-
KZD|CA|KAIZEN DISCOVERY|KZD.V|-0.02|0.00|0.00|0.0|0.0|0.05|0.06|0.04|0.00|87.00|295.00|0.05|0.04|0.07|0.00|0.00|0.04|0.00|-||0.05|   ||15.86|"317|254|821.00"|0.00|"42|313.56"|0.00||-|-|-|-|-|-|-|-|-|||CAD|D|0.00|11/15/2016|11/16/2016|-|0.00| ||0.00||
LA|CA|LOS ANDS COP ORD|LA.V|-0.05|0.00|0.00|5.42|0.36|7.00|7.00|6.50|600.00|2.00|5.00|6.64|5.55|7.50|7.00|6.90|1.95|6.90|-||6.75|   ||180.38|"27|165|843.00"|"3|600.00"|"7|110.77"|0.00||-|-|-|-|-|-|-|-|-|||CAD|D|0.00|08/26/2020|08/26/2020|-|7.00|Þ||0.10||
LAD|CA|NEW CAROLIN GOLD|LAD.V|-0.02|0.00|0.00|0.0|0.0|0.06|0.06|0.05|0.00|234.00|278.00|0.06|0.08|0.11|0.00|0.00|0.03|0.00|-||0.05|   ||2.81|"56|122|064.00"|577.00|"222|406.46"|0.00||-|-|-|-|-|-|-|-|-|||CAD|D|0.00|01/16/2018|01/16/2018|-|1.00| ||0.00||
LAT.V|-|-|-|-|-|-|-|-|-|-|-|-|-|-|-|-|-|-|-|-|-|-|-|-|-|-|-|-|-|-|-|-|-|-|-|-|-|-|-|-|-|-|-|-|-|-|-|-|-|-|-|-|-|-|-
LBC|CA|LIBRO COPER GOLD|LBC.V|-0.05|0.00|0.00|-21.43|-0.03|0.11|0.11|0.10|"23|500.00"|724.00|384.00|0.14|0.18|0.21|0.14|0.10|0.03|0.14|-||0.11|   ||20.80|"148|562|172.00"|"5|121|169.00"|"452|023.12"|0.00||-|-|-|-|-|-|-|-|-|||CAD|D|0.00|02/05/2016|02/05/2016|-|224.00|Þ||0.04||
LBY|CA|LIBERTY ONE LTHM|LBY.V|-0.18|0.00|0.00|10.94|0.07|0.71|0.78|0.68|"1|000.00"|8.00|1.00|0.64|0.35|0.75|0.73|0.67|0.40|0.73|-||0.73|   ||5.01|"7|824|291.00"|"37|066.00"|"4|829.72"|0.00||-|-|-|-|-|-|-|-|-|||CAD|D|0.00|12/14/2020|12/14/2020|-|26.00|Þ||0.06||
LEM|CA|LEADING EDGE CRP|LEM.V|-0.11|0.00|0.00|12.5|0.04|0.36|0.36|0.34|"1|000.00"|6.00|1.00|0.32|0.42|0.43|0.37|0.32|0.01|0.32|-||0.35|   ||63.44|"178|697|668.00"|"166|491.00"|"102|374.38"|0.00||-|-|-|-|-|-|-|-|-|||CAD|D|0.00|-|-|-|39.00|þ||0.05||
LEN|US|LENNAR CP CL A|LEN|7.87|9.65|1.32|0.9357|0.71|76.59|77.00|76.70|0.00|13.00|3.00|75.88|61.38|86.80|76.69|74.70|25.42|76.01|-|0.44|76.85|NYQ||"23|165.78"|"298|935|646.00"|"2|765|168.00"|"2|678|795.28"|"696|738.00"||-|-|-|-|-|-|-|-|-|||USD|R|1.00|10/30/2020|10/15/2020|-|"27|175.00"|Þ||1.99||
LEP|-|-|-|-|-|-|-|-|-|-|-|-|-|-|-|-|-|-|-|-|-|-|-|-|-|-|-|-|-|-|-|-|-|-|-|-|-|-|-|-|-|-|-|-|-|-|-|-|-|-|-|-|-|-|-
LET|CA|LETHO RESOURCES|LET.V|0.00|0.00|0.00|0.0|0.0|0.21|0.33|0.01|0.00|11.00|200.00|0.21|0.00|0.21|0.00|0.00|0.21|0.00|-||0.17|   ||―|"13|159|721.00"|0.00|0.00|0.00||-|-|-|-|-|-|-|-|-|||CAD|D|0.00|03/03/2014|03/03/2014|-|0.00| ||0.00||
LEXI|CA|LITHUM ENRG EXPL|LEXI.V|-0.02|0.00|0.00|2.94|0.005|0.17|0.19|0.17|"12|500.00"|11.00|1.00|0.17|0.21|0.24|0.19|0.17|0.03|0.18|-||0.18|   ||11.90|"70|026|700.00"|"135|332.00"|"48|694.62"|0.00||-|-|-|-|-|-|-|-|-|||CAD|D|0.00|-|-|-|29.00|Þ||0.02||
LGN|-|-|-|-|-|-|-|-|-|-|-|-|-|-|-|-|-|-|-|-|-|-|-|-|-|-|-|-|-|-|-|-|-|-|-|-|-|-|-|-|-|-|-|-|-|-|-|-|-|-|-|-|-|-|-
LGR|-|-|-|-|-|-|-|-|-|-|-|-|-|-|-|-|-|-|-|-|-|-|-|-|-|-|-|-|-|-|-|-|-|-|-|-|-|-|-|-|-|-|-|-|-|-|-|-|-|-|-|-|-|-|-
LI|CA|AMERICAN LITHIUM|LI.V|-0.15|0.00|0.00|20.73|0.34|1.98|2.00|1.98|100.00|506.00|33.00|1.64|2.84|2.98|2.00|1.64|0.14|1.64|-||1.99|   ||191.89|"117|006|103.00"|"2|502|957.00"|"752|768.32"|"30|100.00"||-|-|-|-|-|-|-|-|-|||CAD|D|0.00|05/02/2018|05/01/2018|-|"3|376.00"|þ||0.36||
LIC|-|-|-|-|-|-|-|-|-|-|-|-|-|-|-|-|-|-|-|-|-|-|-|-|-|-|-|-|-|-|-|-|-|-|-|-|-|-|-|-|-|-|-|-|-|-|-|-|-|-|-|-|-|-|-
LIO|CA|LION ONE METALS|LIO.V|-0.02|0.00|0.00|1.9|0.03|1.61|1.64|1.60|"1|000.00"|74.00|10.00|1.58|1.94|2.66|1.62|1.55|0.72|1.60|-||1.62|   ||245.67|"155|490|353.00"|"133|262.00"|"199|972.85"|0.00||-|-|-|-|-|-|-|-|-|||CAD|D|0.00|-|-|-|91.00|þ||0.07||
LIR|-|-|-|-|-|-|-|-|-|-|-|-|-|-|-|-|-|-|-|-|-|-|-|-|-|-|-|-|-|-|-|-|-|-|-|-|-|-|-|-|-|-|-|-|-|-|-|-|-|-|-|-|-|-|-
LIT|CA|ARGENTINA LTHIUM|LIT.V|-0.01|0.00|0.00|5.0|0.005|0.10|0.11|0.10|"5|000.00"|1.00|58.00|0.10|0.08|0.13|0.11|0.10|0.04|0.10|-||0.10|   ||3.65|"33|143|168.00"|"166|420.00"|"46|856.18"|0.00||-|-|-|-|-|-|-|-|-|||CAD|D|0.00|10/10/2018|10/10/2018|-|16.00|þ||0.01||
LIX|-|-|-|-|-|-|-|-|-|-|-|-|-|-|-|-|-|-|-|-|-|-|-|-|-|-|-|-|-|-|-|-|-|-|-|-|-|-|-|-|-|-|-|-|-|-|-|-|-|-|-|-|-|-|-
LJ|-|-|-|-|-|-|-|-|-|-|-|-|-|-|-|-|-|-|-|-|-|-|-|-|-|-|-|-|-|-|-|-|-|-|-|-|-|-|-|-|-|-|-|-|-|-|-|-|-|-|-|-|-|-|-
LL|CA|CANADA RARE ERTH|LL.V|0.00|0.00|0.00|6.25|0.005|0.09|0.09|0.08|"5|000.00"|161.00|94.00|0.08|0.09|0.12|0.09|0.08|0.03|0.08|-||0.08|   ||16.16|"202|044|532.00"|"128|000.00"|"92|203.38"|0.00||-|-|-|-|-|-|-|-|-|||CAD|D|0.00|08/30/2006|08/29/2006|-|8.00|Þ||0.01||
LLC|-|-|-|-|-|-|-|-|-|-|-|-|-|-|-|-|-|-|-|-|-|-|-|-|-|-|-|-|-|-|-|-|-|-|-|-|-|-|-|-|-|-|-|-|-|-|-|-|-|-|-|-|-|-|-
LLG|CA|MASON GRPHT IN|LLG.V|-0.34|0.00|0.00|4.35|0.02|0.48|0.48|0.48|"2|500.00"|11.00|21.00|0.46|0.45|0.57|0.48|0.47|0.12|0.47|-||0.48|   ||62.66|"136|227|585.00"|"72|706.00"|"193|327.22"|0.00||-|-|-|-|-|-|-|-|-|||CAD|D|0.00|-|-|-|45.00|þ||0.02||
LME|CA|LAURION MIN EXPL|LME.V|-0.02|0.00|0.00|-0.0|-0.0|0.20|0.20|0.19|"6|500.00"|588.00|35.00|0.20|0.14|0.23|0.20|0.19|0.09|0.20|-||0.20|   ||38.95|"199|723|430.00"|"47|111.00"|"124|327.10"|0.00||-|-|-|-|-|-|-|-|-|||CAD|D|0.00|-|-|-|11.00|Þ||0.01||
LMG|CA|LINCOLN GOLD MIN|LMG.V|-0.06|0.00|0.00|0.0|0.0|0.14|0.15|0.13|0.00|14.00|40.00|0.14|0.23|0.28|0.00|0.00|0.05|0.00|-||0.14|   ||3.96|"27|276|082.00"|0.00|"28|027.96"|0.00||-|-|-|-|-|-|-|-|-|||CAD|D|0.00|09/24/2019|09/24/2019|-|0.00| ||0.00||
LMR|CA|LOMIKO METALS|LMR.V|-0.02|0.00|0.00|-0.0|-0.0|0.09|0.10|0.09|"20|000.00"|292.00|846.00|0.09|0.08|0.10|0.10|0.09|0.02|0.09|-||0.09|   ||13.52|"150|198|191.00"|"612|001.00"|"407|542.18"|0.00||-|-|-|-|-|-|-|-|-|||CAD|D|0.00|12/19/2016|12/19/2016|-|46.00|Þ||0.01||
LNC|US|LINCOLN NATL|LNC|3.90|13.20|3.26|1.5734|0.81|52.29|52.95|52.15|0.00|4.00|1.00|51.48|45.85|61.96|52.88|51.35|16.11|51.87|-|0.50|52.55|NYQ||"9|949.30"|"193|265|350.00"|"1|282|943.00"|"1|890|705.08"|"331|303.00"||-|-|-|-|-|-|-|-|-|||USD|R|1.68|02/01/2021|01/08/2021|-|"13|553.00"|Þ||1.53||
LOT|CA|TOMAGOLD CORPORA|LOT.V|0.00|0.00|0.00|-5.88|-0.005|0.08|0.09|0.08|"6|000.00"|254.00|345.00|0.09|0.05|0.10|0.08|0.08|0.06|0.08|-||0.08|   ||12.94|"152|217|251.00"|"6|500.00"|"332|562.03"|0.00||-|-|-|-|-|-|-|-|-|||CAD|D|0.00|01/04/2012|01/04/2012|-|2.00|þ||0.00||
LPK|CA|LUPAKA GOLD CORP|LPK.V|0.01|5.02|0.00|-8.33|-0.005|0.06|0.07|0.06|"10|000.00"|11.00|65.00|0.06|0.06|0.06|0.06|0.06|0.01|0.06|-||0.06|   ||9.21|"153|509|368.00"|"10|000.00"|"93|512.56"|0.00||-|-|-|-|-|-|-|-|-|||CAD|D|0.00|-|-|-|1.00|þ||0.00||
LRA|CA|LARA EXPLOR|LRA.V|-0.02|0.00|0.00|2.82|0.02|0.73|0.78|0.69|"2|500.00"|3.00|16.00|0.71|0.57|1.02|0.73|0.72|0.45|0.72|-||0.73|   ||28.14|"39|627|608.00"|"11|900.00"|"19|104.53"|0.00||-|-|-|-|-|-|-|-|-|||CAD|D|0.00|-|-|-|6.00|Þ||0.01||
LSC|-|-|-|-|-|-|-|-|-|-|-|-|-|-|-|-|-|-|-|-|-|-|-|-|-|-|-|-|-|-|-|-|-|-|-|-|-|-|-|-|-|-|-|-|-|-|-|-|-|-|-|-|-|-|-
LUM|CA|LUMINA GOLD CORP|LUM.V|-0.04|0.00|0.00|-0.0|-0.0|0.90|0.91|0.90|500.00|16.00|6.00|0.90|0.73|1.19|0.91|0.89|0.46|0.91|-||0.91|   ||302.62|"333|616|428.00"|"371|186.00"|"215|979.05"|0.00||-|-|-|-|-|-|-|-|-|||CAD|D|0.00|06/04/2014|06/04/2014|-|136.00|Þ||0.02||
MAC|CA|THEMAC RES GRP|MAC.V|-0.14|0.00|0.00|0.0|0.0|0.06|0.09|0.06|0.00|20.00|73.00|0.06|0.06|0.08|0.00|0.00|0.03|0.00|-||0.07|   ||4.76|"79|400|122.00"|0.00|"1|288.43"|0.00||-|-|-|-|-|-|-|-|-|||CAD|D|0.00|12/23/2003|12/23/2003|-|0.00| ||0.00||
MAD|-|-|-|-|-|-|-|-|-|-|-|-|-|-|-|-|-|-|-|-|-|-|-|-|-|-|-|-|-|-|-|-|-|-|-|-|-|-|-|-|-|-|-|-|-|-|-|-|-|-|-|-|-|-|-
MAE|CA|MARITIME RESORCS|MAE.V|-0.01|0.00|0.00|3.7|0.005|0.14|0.14|0.14|"10|000.00"|485.00|325.00|0.14|0.18|0.23|0.14|0.14|0.04|0.14|-||0.14|   ||42.12|"312|001|233.00"|"15|000.00"|"451|475.58"|0.00||-|-|-|-|-|-|-|-|-|||CAD|D|0.00|-|-|-|2.00|Þ||0.00||
MAI|CA|MINERA ALAMOS IN|MAI.V|0.01|50.45|0.00|1.49|0.01|0.68|0.68|0.67|"2|500.00"|10.00|60.00|0.67|0.62|0.78|0.68|0.66|0.16|0.67|-||0.68|   ||294.48|"439|527|953.00"|"307|901.00"|"381|506.08"|0.00||-|-|-|-|-|-|-|-|-|||CAD|D|0.00|05/15/2014|05/15/2014|-|75.00|Þ||0.02||
MAS|CA|MAS GOLD CORP|MAS.V|-0.02|0.00|0.00|0.0|0.0|0.11|0.12|0.11|0.00|19.00|40.00|0.11|0.12|0.15|0.00|0.00|0.03|0.00|-||0.11|   ||5.69|"51|768|763.00"|0.00|"47|601.81"|0.00||-|-|-|-|-|-|-|-|-|||CAD|D|0.00|07/17/2009|07/17/2009|-|0.00| ||0.00||
MAT|-|-|-|-|-|-|-|-|-|-|-|-|-|-|-|-|-|-|-|-|-|-|-|-|-|-|-|-|-|-|-|-|-|-|-|-|-|-|-|-|-|-|-|-|-|-|-|-|-|-|-|-|-|-|-
MBG|-|-|-|-|-|-|-|-|-|-|-|-|-|-|-|-|-|-|-|-|-|-|-|-|-|-|-|-|-|-|-|-|-|-|-|-|-|-|-|-|-|-|-|-|-|-|-|-|-|-|-|-|-|-|-
MCI|CA|MINNOVA CORP|MCI.V|-0.01|0.00|0.00|-3.85|-0.01|0.25|0.26|0.24|"13|000.00"|27.00|2.00|0.26|0.55|0.60|0.28|0.25|0.04|0.26|-||0.25|   ||10.42|"40|082|984.00"|"105|035.00"|"47|429.94"|0.00||-|-|-|-|-|-|-|-|-|||CAD|D|0.00|01/15/2014|01/15/2014|-|11.00|þ||0.03||
MCK|US|MCKESSON CRP|MCK|13.00|14.11|0.92|-0.0709|-0.13|183.27|184.00|180.67|0.00|1.00|1.00|183.40|75.07|187.67|184.34|181.96|112.60|184.05|-|0.35|182.33|NYQ||"29|447.52"|"274|189|761.00"|"696|682.00"|"1|070|865.48"|"78|518.00"||-|-|-|-|-|-|-|-|-|||USD|R|1.68|01/04/2021|11/30/2020|-|"12|332.00"|Þ||2.38||
MCM|-|-|-|-|-|-|-|-|-|-|-|-|-|-|-|-|-|-|-|-|-|-|-|-|-|-|-|-|-|-|-|-|-|-|-|-|-|-|-|-|-|-|-|-|-|-|-|-|-|-|-|-|-|-|-
MCS|CA|MCCHIP RES INC|MCS.V|0.21|3.59|10.53|6.58|0.05|0.81|0.81|0.75|"1|000.00"|8.00|40.00|0.76|0.47|0.86|0.85|0.81|0.39|0.85|-||0.78|   ||4.30|"5|660|096.00"|"7|300.00"|"1|203.08"|0.00||-|-|-|-|-|-|-|-|-|||CAD|D|0.08|01/21/2021|01/13/2021|-|6.00|þ||0.04||
MCU|CA|MEGA COPPER LTD|MCU.V|0.00|0.00|0.00|0.0|0.0|0.16|0.20|0.10|0.00|22.00|8.00|0.16|0.26|0.28|0.00|0.00|0.02|0.00|-||0.15|   ||5.76|"36|007|500.00"|0.00|477.90|0.00||-|-|-|-|-|-|-|-|-|||CAD|D|0.00|05/28/2013|05/28/2013|-|0.00| ||0.00||
MD|CA|MIDLAND EXPLRTN|MD.V|-0.02|0.00|0.00|-5.49|-0.05|0.86|0.90|0.83|"2|000.00"|10.00|2.00|0.91|0.67|1.13|0.89|0.86|0.46|0.89|-||0.86|   ||65.42|"71|885|243.00"|"9|700.00"|"25|333.90"|0.00||-|-|-|-|-|-|-|-|-|||CAD|D|0.00|-|-|-|5.00|þ||0.03||
MDL|CA|MEDALLION RSCS|MDL.V|-0.03|0.00|0.00|-3.23|-0.01|0.30|0.32|0.30|"5|000.00"|94.00|60.00|0.31|0.36|0.41|0.32|0.30|0.04|0.32|-||0.31|   ||19.59|"63|209|378.00"|"136|875.00"|"133|439.05"|0.00||-|-|-|-|-|-|-|-|-|||CAD|D|0.00|07/28/2017|07/28/2017|-|30.00|þ||0.02||
MDO|-|-|-|-|-|-|-|-|-|-|-|-|-|-|-|-|-|-|-|-|-|-|-|-|-|-|-|-|-|-|-|-|-|-|-|-|-|-|-|-|-|-|-|-|-|-|-|-|-|-|-|-|-|-|-
MDV|CA|MEGASTAR DVEL|MDV.V|-0.01|0.00|0.00|-6.9|-0.01|0.14|0.14|0.13|"3|000.00"|102.00|10.00|0.14|0.15|0.20|0.14|0.14|0.05|0.14|-||0.14|   ||8.74|"60|269|216.00"|"3|000.00"|"40|820.91"|0.00||-|-|-|-|-|-|-|-|-|||CAD|D|0.00|05/04/2011|05/04/2011|-|1.00|þ||0.00||
MED|CA|MDGLD RSRCS CORP|MED.V|-0.01|0.00|0.00|-0.0|-0.0|0.06|0.06|0.05|"90|000.00"|151.00|140.00|0.06|0.05|0.08|0.06|0.06|0.03|0.06|-||0.05|   ||7.41|"134|789|032.00"|"169|500.00"|"173|066.98"|0.00||-|-|-|-|-|-|-|-|-|||CAD|D|0.00|12/02/2013|12/02/2013|-|4.00| ||0.00||
MEK|CA|METALS CREEK RES|MEK.V|0.01|6.31|0.00|-0.0|-0.0|0.07|0.07|0.07|"7|000.00"|95.00|19.00|0.07|0.07|0.10|0.07|0.07|0.03|0.07|-||0.07|   ||6.55|"100|698|968.00"|"129|200.00"|"170|469.79"|0.00||-|-|-|-|-|-|-|-|-|||CAD|D|0.00|07/30/2015|07/30/2015|-|15.00| ||0.00||
MEX|CA|MEXICAN GOLD MIN|MEX.V|-0.02|0.00|0.00|10.0|0.01|0.11|0.11|0.10|"2|000.00"|11.00|185.00|0.10|0.15|0.17|0.11|0.10|0.03|0.10|-||0.11|   ||11.37|"103|342|758.00"|"193|000.00"|"201|928.86"|0.00||-|-|-|-|-|-|-|-|-|||CAD|D|0.00|09/09/2016|09/09/2016|-|14.00|Þ||0.01||
MEZ|-|-|-|-|-|-|-|-|-|-|-|-|-|-|-|-|-|-|-|-|-|-|-|-|-|-|-|-|-|-|-|-|-|-|-|-|-|-|-|-|-|-|-|-|-|-|-|-|-|-|-|-|-|-|-
MFM|CA|MARIFIL MINES|MFM.V|-0.02|0.00|0.00|-0.0|-0.0|0.06|0.06|0.06|"4|000.00"|22.00|6.00|0.06|0.08|0.10|0.08|0.06|0.03|0.08|-||0.06|   ||3.30|"60|075|432.00"|"105|850.00"|"64|169.05"|0.00||-|-|-|-|-|-|-|-|-|||CAD|D|0.00|01/22/2018|01/22/2018|-|9.00|þ||0.03||
MFX|CA|MINFOCUS EXPLRTN|MFX.V|0.00|0.00|0.00|0.0|0.0|0.07|0.07|0.07|0.00|5.00|3.00|0.07|0.07|0.09|0.00|0.00|0.01|0.00|-||0.07|   ||1.74|"24|910|796.00"|0.00|"37|964.45"|0.00||-|-|-|-|-|-|-|-|-|||CAD|D|0.00|08/01/2018|08/01/2018|-|0.00| ||0.00||
MGG|CA|MINAURUM GOLD|MGG.V|-0.02|0.00|0.00|1.96|0.01|0.52|0.53|0.51|500.00|36.00|24.00|0.51|0.63|0.85|0.54|0.52|0.22|0.54|-||0.52|   ||173.89|"340|959|046.00"|"29|556.00"|"146|711.69"|0.00||-|-|-|-|-|-|-|-|-|||CAD|D|0.00|-|-|-|9.00|þ||0.02||
MGI|CA|MAGNUM GOLDCORP|MGI.V|0.00|0.00|0.00|0.0|0.0|0.06|0.06|0.05|0.00|28.00|40.00|0.06|0.04|0.07|0.00|0.00|0.03|0.00|-||0.05|   ||1.69|"15|276|250.00"|0.00|"8|527.58"|0.00||-|-|-|-|-|-|-|-|-|||CAD|D|0.00|03/06/2020|03/06/2020|-|0.00| ||0.00||
MHI|CA|MINERAL HILL IND|MHI.V|0.00|0.00|0.00|0.0|0.0|0.15|0.15|0.15|0.00|14.00|32.00|0.15|0.02|0.17|0.00|0.00|0.15|0.00|-||0.15|   ||2.52|"18|539|188.00"|0.00|0.00|0.00||-|-|-|-|-|-|-|-|-|||CAD|D|0.00|09/09/2011|09/09/2011|-|0.00| ||0.00||
MINE|CA|INOMIN MINES INC|MINE.V|-0.01|0.00|0.00|-0.0|-0.0|0.10|0.10|0.09|"1|000.00"|4.00|15.00|0.10|0.23|0.25|0.10|0.10|0.03|0.10|-||0.09|   ||2.32|"23|174|264.00"|"24|300.00"|"62|858.32"|0.00||-|-|-|-|-|-|-|-|-|||CAD|D|0.00|-|-|-|4.00| ||0.00||
MIO|-|-|-|-|-|-|-|-|-|-|-|-|-|-|-|-|-|-|-|-|-|-|-|-|-|-|-|-|-|-|-|-|-|-|-|-|-|-|-|-|-|-|-|-|-|-|-|-|-|-|-|-|-|-|-
MIX|-|-|-|-|-|-|-|-|-|-|-|-|-|-|-|-|-|-|-|-|-|-|-|-|-|-|-|-|-|-|-|-|-|-|-|-|-|-|-|-|-|-|-|-|-|-|-|-|-|-|-|-|-|-|-
MJS|CA|MAJESTIC GOLD|MJS.V|0.01|8.88|0.00|-0.0|-0.0|0.06|0.06|0.05|"30|000.00"|1.00|904.00|0.06|0.04|0.08|0.06|0.06|0.04|0.06|-||0.05|   ||58.08|"1|047|726|381.00"|"258|000.00"|"103|916.44"|0.00||-|-|-|-|-|-|-|-|-|||CAD|D|0.00|12/03/1996|12/03/1996|-|11.00| ||0.00||
MKA|CA|MKANGO RESOURCES|MKA.V|-0.02|0.00|0.00|0.0|0.0|0.32|0.32|0.30|0.00|98.00|3.00|0.32|0.27|0.32|0.00|0.00|0.05|0.00|-||0.31|   ||42.90|"133|000|721.00"|100.00|"19|195.82"|0.00||-|-|-|-|-|-|-|-|-|||CAD|D|0.00|06/15/2016|06/15/2016|-|1.00| ||0.00||
MKNA|-|-|-|-|-|-|-|-|-|-|-|-|-|-|-|-|-|-|-|-|-|-|-|-|-|-|-|-|-|-|-|-|-|-|-|-|-|-|-|-|-|-|-|-|-|-|-|-|-|-|-|-|-|-|-
MKR|CA|MELKIOR RES|MKR.V|-0.03|0.00|0.00|3.53|0.03|0.88|0.88|0.85|500.00|1.00|3.00|0.85|1.19|1.25|0.88|0.85|0.06|0.88|-||0.86|   ||18.10|"21|299|420.00"|"16|770.00"|"35|760.11"|0.00||-|-|-|-|-|-|-|-|-|||CAD|D|0.00|02/26/2020|02/26/2020|-|14.00|Þ||0.03||
ML|CA|MILLENNIAL LITHI|ML.V|-0.05|0.00|0.00|1.66|0.06|3.67|3.68|3.66|100.00|20.00|100.00|3.61|3.39|4.00|3.69|3.58|0.61|3.59|-||3.67|   ||313.83|"86|934|400.00"|"48|257.00"|"94|517.71"|0.00||-|-|-|-|-|-|-|-|-|||CAD|D|0.00|06/24/2016|06/24/2016|-|98.00|Þ||0.11||
MLG|-|-|-|-|-|-|-|-|-|-|-|-|-|-|-|-|-|-|-|-|-|-|-|-|-|-|-|-|-|-|-|-|-|-|-|-|-|-|-|-|-|-|-|-|-|-|-|-|-|-|-|-|-|-|-
MLM|US|M MARIETTA|MLM|10.72|28.93|0.74|1.532|4.75|314.81|320.00|288.19|0.00|2.00|1.00|310.06|176.38|311.46|319.01|308.26|135.08|310.06|-|0.38|304.10|NYQ||"19|308.74"|"62|274|202.00"|"442|865.00"|"575|541.87"|"33|413.00"||-|-|-|-|-|-|-|-|-|||USD|R|2.28|12/31/2020|11/30/2020|-|"11|279.00"|Þ||10.75||
MLN|US|VN VC LNG MN ETF|MLN|0.00|0.00|2.73|0.2078|0.045|21.70|0.00|0.00|0.00|0.00|0.00|21.66|5.49|22.02|21.78|21.67|16.53|21.78|-|0.00|0.00|   ||―|"7|950|000.00"|"84|609.00"|"53|292.95"|"50|000.00"||-|-|-|-|-|-|-|-|-|||USD|R|0.59|01/05/2021|12/29/2020|-|219.00|þ||0.11||
MLR|CA|MELIOR RESOURCES|MLR.V|-0.21|0.00|0.00|0.0|0.0|0.07|0.06|0.06|0.00|105.00|5.00|0.07|0.05|0.07|0.00|0.00|0.02|0.00|-||0.06|   ||2.24|"29|901|770.00"|0.00|"5|238.15"|0.00||-|-|-|-|-|-|-|-|-|||CAD|D|0.00|06/15/2018|06/15/2018|-|0.00| ||0.00||
MLY|CA|AMER CUM MNG CRP|MLY.V|-0.01|0.00|0.00|-0.0|-0.0|0.04|0.04|0.04|"100|000.00"|123.00|696.00|0.04|0.03|0.06|0.04|0.04|0.03|0.04|-||0.04|   ||7.54|"188|438|370.00"|"526|500.00"|"103|923.87"|0.00||-|-|-|-|-|-|-|-|-|||CAD|D|0.00|-|11/09/2017|-|12.00| ||0.00||
MMA|CA|MIDNIGHT SUN MNG|MMA.V|-0.01|0.00|0.00|14.75|0.045|0.35|0.35|0.32|"1|000.00"|26.00|25.00|0.30|0.34|0.37|0.35|0.30|0.03|0.30|-||0.33|   ||31.71|"103|982|966.00"|"62|090.00"|"34|565.24"|0.00||-|-|-|-|-|-|-|-|-|||CAD|D|0.00|-|-|-|10.00|Þ||0.04||
MMG|CA|METALLIC MINERAL|MMG.V|-0.06|0.00|0.00|3.28|0.02|0.63|0.63|0.61|"1|500.00"|10.00|8.00|0.61|1.20|1.30|0.63|0.60|0.10|0.60|-||0.62|   ||76.57|"125|517|061.00"|"221|164.00"|"231|068.03"|0.00||-|-|-|-|-|-|-|-|-|||CAD|D|0.00|05/25/2016|05/25/2016|-|85.00|Þ||0.03||
MMM|CA|MINCO CAPTL CORP|MMM.V|-0.06|0.00|0.00|-0.0|-0.0|0.07|0.08|0.07|"7|000.00"|26.00|33.00|0.07|0.08|0.12|0.07|0.07|0.04|0.07|-||0.08|   ||3.60|"48|056|881.00"|"7|000.00"|"20|434.58"|0.00||-|-|-|-|-|-|-|-|-|||CAD|D|0.00|11/21/2007|11/13/2007|-|1.00| ||0.00||
MMN|CA|MONARCA MINERALS|MMN.V|-0.01|0.00|0.00|-4.17|-0.005|0.12|0.12|0.11|"4|000.00"|40.00|225.00|0.12|0.28|0.29|0.13|0.12|0.01|0.12|-||0.11|   ||14.19|"118|214|606.00"|"351|103.00"|"286|953.39"|0.00||-|-|-|-|-|-|-|-|-|||CAD|D|0.00|05/05/2017|05/05/2017|-|44.00|þ||0.01||
MMS|CA|MACARTHUR MINERL|MMS.V|-0.18|0.00|0.00|1.02|0.005|0.49|0.50|0.49|"2|000.00"|46.00|2.00|0.49|0.60|0.67|0.51|0.49|0.07|0.49|-||0.49|   ||132.15|"133|961|963.00"|"121|905.00"|"175|921.38"|0.00||-|-|-|-|-|-|-|-|-|||CAD|D|0.00|11/20/2019|11/20/2019|-|23.00|þ||0.02||
MMV|CA|MINERAL MOUN ORD|MMV.V|-0.02|0.00|0.00|-2.04|-0.005|0.24|0.25|0.24|500.00|31.00|2.00|0.24|0.29|0.51|0.25|0.24|0.22|0.25|-||0.24|   ||25.00|"102|033|369.00"|"105|145.00"|"175|670.56"|0.00||-|-|-|-|-|-|-|-|-|||CAD|D|0.00|04/08/2016|04/08/2016|-|26.00|þ||0.01||
MMX|CA|MAVERIX MTLS INC|MMX.TO|0.01|563.21|0.73|2.01|0.14|7.11|7.20|7.11|100.00|9.00|5.00|6.97|4.68|7.78|7.20|6.96|3.10|6.96|-||7.16|TOR||765.66|"140|488|309.00"|"47|813.00"|"90|003.20"|0.00||-|-|-|-|-|-|-|-|-|||CAD|R|0.05|12/15/2020|11/27/2020|-|284.00|þ||0.24||
MMY|CA|MONUMENT MINING|MMY.V|0.00|0.00|0.00|4.17|0.005|0.13|0.13|0.12|"13|000.00"|53.00|444.00|0.12|0.11|0.14|0.13|0.12|0.04|0.13|-||0.12|   ||39.79|"328|971|563.00"|"1|907|554.00"|"136|237.03"|0.00||-|-|-|-|-|-|-|-|-|||CAD|D|0.00|07/09/2007|07/09/2007|-|102.00|þ||0.01||
MN|CA|MANGANESE X ENER|MN.V|-0.03|0.00|0.00|-1.96|-0.005|0.25|0.25|0.24|"4|000.00"|18.00|114.00|0.26|1.05|1.11|0.26|0.24|0.06|0.25|-||0.25|   ||27.16|"106|521|490.00"|"626|143.00"|"778|259.82"|0.00||-|-|-|-|-|-|-|-|-|||CAD|D|0.00|08/26/2016|08/26/2016|-|161.00|Þ||0.02||
MNO|CA|MERIDIAN MINING|MNO.V|-0.22|0.00|0.00|-0.0|-0.0|0.20|0.21|0.19|"28|000.00"|50.00|59.00|0.20|0.34|0.39|0.20|0.20|0.06|0.20|-||0.20|   ||16.02|"82|146|925.00"|"100|000.00"|"48|106.50"|0.00||-|-|-|-|-|-|-|-|-|||CAD|D|0.00|01/24/2011|01/24/2011|-|5.00|þ||0.01||
MNY|-|-|-|-|-|-|-|-|-|-|-|-|-|-|-|-|-|-|-|-|-|-|-|-|-|-|-|-|-|-|-|-|-|-|-|-|-|-|-|-|-|-|-|-|-|-|-|-|-|-|-|-|-|-|-
MOI|-|-|-|-|-|-|-|-|-|-|-|-|-|-|-|-|-|-|-|-|-|-|-|-|-|-|-|-|-|-|-|-|-|-|-|-|-|-|-|-|-|-|-|-|-|-|-|-|-|-|-|-|-|-|-
MON|CA|MONTRO MING EXPL|MON.V|-0.03|0.00|0.00|54.39|0.31|0.88|0.88|0.86|"1|000.00"|24.00|8.00|0.57|0.64|0.65|0.95|0.53|0.01|0.60|-||0.87|   ||12.47|"21|880|818.00"|"785|725.00"|"54|683.86"|0.00||-|-|-|-|-|-|-|-|-|||CAD|D|0.00|07/13/2017|07/13/2017|-|369.00|Þ||0.42||
MOON|CA|BLUE MOON ZINC|MOON.V|0.00|0.00|0.00|-0.0|-0.0|0.07|0.07|0.07|"2|000.00"|151.00|84.00|0.07|0.07|0.07|0.07|0.07|0.01|0.07|-||0.07|   ||8.37|"119|553|978.00"|"512|100.00"|"259|957.60"|0.00||-|-|-|-|-|-|-|-|-|||CAD|D|0.00|-|-|-|23.00|þ||0.01||
MOX|CA|MORIEN RESOURCES|MOX.V|-0.01|0.00|0.00|0.0|0.0|0.19|0.19|0.17|0.00|15.00|6.00|0.19|0.57|0.65|0.00|0.00|0.08|0.00|-||0.18|   ||9.72|"51|132|114.00"|3.00|"31|211.47"|0.00||-|-|-|-|-|-|-|-|-|||CAD|D|0.00|03/27/2020|03/11/2020|-|3.00| ||0.00||
MQR|CA|MONARCH GOLD CRP|MQR.TO|0.02|25.76|0.00|-0.0|-0.0|0.56|0.57|0.55|"1|000.00"|34.00|187.00|0.56|0.49|0.60|0.56|0.55|0.11|0.55|-||0.56|TOR||180.07|"321|550|833.00"|"448|180.00"|"637|266.71"|0.00||-|-|-|-|-|-|-|-|-|||CAD|R|0.00|-|-|-|53.00|Þ||0.01||
MRB|-|-|-|-|-|-|-|-|-|-|-|-|-|-|-|-|-|-|-|-|-|-|-|-|-|-|-|-|-|-|-|-|-|-|-|-|-|-|-|-|-|-|-|-|-|-|-|-|-|-|-|-|-|-|-
MRO|CA|MILLROCK RESOURC|MRO.V|-0.01|0.00|0.00|-0.0|-0.0|0.13|0.14|0.13|"3|000.00"|44.00|20.00|0.13|0.23|0.32|0.14|0.13|0.09|0.14|-||0.13|   ||14.97|"115|155|514.00"|"86|001.00"|"208|045.25"|0.00||-|-|-|-|-|-|-|-|-|||CAD|D|0.00|10/24/2014|10/24/2014|-|18.00|Þ||0.02||
MRZ|CA|MIRASOL RESOURCE|MRZ.V|-0.11|0.00|0.00|-1.04|-0.005|0.47|0.48|0.47|500.00|17.00|26.00|0.48|0.30|0.59|0.48|0.47|0.29|0.48|-||0.47|   ||25.98|"54|116|043.00"|"26|500.00"|"103|398.58"|0.00||-|-|-|-|-|-|-|-|-|||CAD|D|0.00|-|08/17/2016|-|9.00|Þ||0.01||
MSA|US|MSA SAFETY INCRP|MSA|3.53|44.26|1.10|2.8734|4.49|160.75|162.65|130.00|0.00|1.00|1.00|156.26|73.83|157.40|161.40|155.79|83.57|155.79|-|0.32|146.32|NYQ||"6|087.73"|"62|084|224.00"|"94|021.00"|"138|376.03"|"16|688.00"||-|-|-|-|-|-|-|-|-|||USD|R|1.72|12/10/2020|11/10/2020|-|"2|654.00"|þ||5.61||
MSR|CA|MINSUD RESOURCE|MSR.V|0.00|0.00|0.00|0.0|0.0|0.06|0.08|0.06|0.00|21.00|93.00|0.06|0.09|0.10|0.00|0.00|0.01|0.00|-||0.07|   ||9.37|"156|210|694.00"|0.00|476.92|0.00||-|-|-|-|-|-|-|-|-|||CAD|D|0.00|05/25/2011|05/25/2011|-|0.00| ||0.00||
MTB|CA|MTN BOY MNRLS|MTB.V|-0.02|0.00|0.00|6.41|0.025|0.41|0.42|0.40|"3|000.00"|1.00|12.00|0.39|0.55|0.69|0.41|0.40|0.14|0.41|-||0.41|   ||21.00|"53|838|551.00"|"68|900.00"|"125|748.37"|0.00||-|-|-|-|-|-|-|-|-|||CAD|D|0.00|11/12/2018|11/12/2018|-|14.00|Þ||0.01||
MTC|CA|METALCORP LTD|MTC.V|0.00|0.00|0.00|-0.0|-0.0|0.06|0.06|0.05|"15|000.00"|40.00|256.00|0.06|0.10|0.10|0.06|0.06|0.01|0.06|-||0.05|   ||6.61|"120|120|559.00"|"15|000.00"|"162|374.13"|0.00||-|-|-|-|-|-|-|-|-|||CAD|D|0.00|02/21/2003|02/21/2003|-|1.00| ||0.00||
MTH|CA|MAMMOTH RESOURCE|MTH.V|-0.01|0.00|0.00|4.0|0.005|0.13|0.13|0.11|"2|000.00"|2.00|20.00|0.13|0.13|0.15|0.13|0.12|0.02|0.13|-||0.12|   ||4.98|"39|874|788.00"|"645|000.00"|"118|523.22"|"600|000.00"||-|-|-|-|-|-|-|-|-|||CAD|D|0.00|01/18/2017|01/18/2017|-|9.00|Þ||0.01||
MTO|-|-|-|-|-|-|-|-|-|-|-|-|-|-|-|-|-|-|-|-|-|-|-|-|-|-|-|-|-|-|-|-|-|-|-|-|-|-|-|-|-|-|-|-|-|-|-|-|-|-|-|-|-|-|-
MTS|CA|METALLIS RESOURC|MTS.V|-0.01|0.00|0.00|-3.45|-0.01|0.28|0.30|0.26|500.00|6.00|54.00|0.29|0.53|0.64|0.29|0.28|0.11|0.28|-||0.28|   ||12.78|"44|060|433.00"|"33|760.00"|"44|739.79"|0.00||-|-|-|-|-|-|-|-|-|||CAD|D|0.00|07/11/2013|07/11/2013|-|12.00|þ||0.01||
MTT|CA|MAGNA TERRA MNRL|MTT.V|0.00|0.00|0.00|2.7|0.005|0.19|0.19|0.17|"8|500.00"|23.00|20.00|0.18|0.30|0.48|0.19|0.18|0.17|0.18|-||0.18|   ||8.55|"46|206|698.00"|"23|000.00"|"13|774.97"|0.00||-|-|-|-|-|-|-|-|-|||CAD|D|0.00|08/14/2020|08/14/2020|-|4.00|Þ||0.01||
MTU|CA|MANITOU GOLD|MTU.V|-0.01|0.00|0.00|11.11|0.005|0.05|0.06|0.05|"83|000.00"|674.00|253.00|0.04|0.05|0.08|0.06|0.05|0.03|0.05|-||0.05|   ||11.84|"263|036|444.00"|"431|000.00"|"439|338.05"|0.00||-|-|-|-|-|-|-|-|-|||CAD|D|0.00|-|-|-|16.00|þ||0.00||
MTX|CA|METALEX VENTRS|MTX.V|0.00|0.00|0.00|-0.0|-0.0|0.09|0.10|0.09|"40|000.00"|13.00|29.00|0.09|0.10|0.12|0.09|0.09|0.01|0.09|-||0.09|   ||11.64|"129|375|315.00"|"48|000.00"|"90|890.53"|0.00||-|-|-|-|-|-|-|-|-|||CAD|D|0.00|04/01/2009|04/01/2009|-|3.00|Þ||0.00||
MUM|-|-|-|-|-|-|-|-|-|-|-|-|-|-|-|-|-|-|-|-|-|-|-|-|-|-|-|-|-|-|-|-|-|-|-|-|-|-|-|-|-|-|-|-|-|-|-|-|-|-|-|-|-|-|-
MUN|CA|MUNDORO CAPITAL|MUN.V|-0.01|0.00|0.00|-5.88|-0.01|0.16|0.16|0.15|"5|000.00"|20.00|146.00|0.17|0.11|0.20|0.17|0.16|0.09|0.17|-||0.16|   ||13.85|"81|445|001.00"|"101|007.00"|"46|553.88"|0.00||-|-|-|-|-|-|-|-|-|||CAD|D|0.00|-|-|-|15.00|þ||0.01||
MVI|-|-|-|-|-|-|-|-|-|-|-|-|-|-|-|-|-|-|-|-|-|-|-|-|-|-|-|-|-|-|-|-|-|-|-|-|-|-|-|-|-|-|-|-|-|-|-|-|-|-|-|-|-|-|-
MVM|CA|MILLENMIN VENTUR|MVM.V|-0.02|0.00|0.00|0.0|0.0|0.05|0.00|0.00|0.00|0.00|0.00|0.05|0.00|0.05|0.00|0.00|0.05|0.00|-||0.00|   ||2.06|"42|100|000.00"|0.00|0.00|0.00||-|-|-|-|-|-|-|-|-|||CAD|D|0.00|-|-|-|0.00| ||0.00||
MWX|CA|MINEWORX TECHNLG|MWX.V|-0.01|0.00|0.00|-7.69|-0.005|0.06|0.07|0.06|"25|000.00"|75.00|463.00|0.07|0.08|0.13|0.07|0.06|0.05|0.07|-||0.06|   ||20.98|"322|765|080.00"|"151|000.00"|"207|815.58"|0.00||-|-|-|-|-|-|-|-|-|||CAD|D|0.00|03/30/2017|03/30/2017|-|9.00|þ||0.01||
MXL|US|MAXLINEAR INC|MXL|-1.13|0.00|0.00|-0.9519|-0.36|37.46|38.96|37.46|0.00|1.00|1.00|37.82|30.92|38.71|38.40|36.90|7.79|38.28|-|0.57|38.21|NYQ||"2|805.05"|"74|168|486.00"|"655|662.00"|"536|794.67"|"185|421.00"||-|-|-|-|-|-|-|-|-|||USD|R|0.00|-|-|-|"6|943.00"|Þ||1.50||
MXR|CA|MAX RESOURCE|MXR.V|-0.14|0.00|0.00|5.41|0.02|0.39|0.39|0.38|"4|500.00"|70.00|9.00|0.37|0.49|0.55|0.39|0.35|0.06|0.37|-||0.39|   ||32.35|"87|421|191.00"|"421|724.00"|"344|095.68"|0.00||-|-|-|-|-|-|-|-|-|||CAD|D|0.00|10/22/2019|10/22/2019|-|68.00|Þ||0.04||
MYA.TO|-|-|-|-|-|-|-|-|-|-|-|-|-|-|-|-|-|-|-|-|-|-|-|-|-|-|-|-|-|-|-|-|-|-|-|-|-|-|-|-|-|-|-|-|-|-|-|-|-|-|-|-|-|-|-
MZZ|US|PRSH ULTSH MC400|MZZ|0.00|0.00|0.24|-2.1959|-0.13|5.79|7.42|5.75|0.00|1.00|2.00|5.92|28.29|34.17|5.92|5.77|5.88|5.92|-|0.67|6.58|   ||―|"204|498.00"|"21|095.00"|"12|982.48"|0.00||-|-|-|-|-|-|-|-|-|||USD|R|0.01|01/21/2021|01/21/2021|-|99.00|þ||0.15||
NAM|CA|NEW AGE METALS I|NAM.V|-0.01|0.00|0.00|5.56|0.005|0.10|0.10|0.09|"8|000.00"|158.00|346.00|0.09|0.10|0.14|0.10|0.10|0.04|0.10|-||0.09|   ||12.53|"139|216|111.00"|"85|636.00"|"313|186.53"|0.00||-|-|-|-|-|-|-|-|-|||CAD|D|0.00|02/01/2017|02/01/2017|-|10.00|Þ||0.00||
NAN|CA|NORTH AMERICAN|NAN.V|-0.36|0.00|0.00|7.89|0.015|0.20|0.20|0.20|"2|000.00"|6.00|239.00|0.19|0.24|0.30|0.21|0.20|0.06|0.20|-||0.20|   ||20.87|"109|833|648.00"|"328|221.00"|"120|955.83"|0.00||-|-|-|-|-|-|-|-|-|||CAD|D|0.00|10/04/2019|10/04/2019|-|28.00|Þ||0.01||
NAP|CA|NAPIER VENTURES|NAP.V|0.00|0.00|0.00|0.0|0.0|0.07|0.00|0.00|0.00|0.00|0.00|0.07|0.07|0.10|0.00|0.00|0.04|0.00|-||0.00|   ||1.93|"29|666|338.00"|0.00|830.00|0.00||-|-|-|-|-|-|-|-|-|||CAD|D|0.00|-|-|-|0.00| ||0.00||
NAR|CA|NORTH ARROW MINE|NAR.V|-0.01|0.00|0.00|0.0|0.0|0.09|0.09|0.09|0.00|50.00|23.00|0.09|0.07|0.10|0.00|0.00|0.03|0.00|-||0.09|   ||9.41|"110|676|744.00"|0.00|"46|280.04"|0.00||-|-|-|-|-|-|-|-|-|||CAD|D|0.00|02/28/2013|02/28/2013|-|0.00| ||0.00||
NBR|CA|NUBIAN RESOUCES|NBR.V|-0.03|0.00|0.00|-3.23|-0.015|0.45|0.45|0.44|"2|500.00"|13.00|16.00|0.47|0.62|0.69|0.47|0.44|0.07|0.47|-||0.45|   ||29.11|"62|593|652.00"|"103|044.00"|"98|587.79"|0.00||-|-|-|-|-|-|-|-|-|||CAD|D|0.00|02/09/2011|02/09/2011|-|25.00|Þ||0.03||
NBU|CA|NEBU RESOURCES I|NBU.V|-0.02|0.00|0.00|0.0|0.0|0.04|0.04|0.04|0.00|5.00|7.00|0.04|0.00|0.04|0.00|0.00|0.04|0.00|-||0.04|   ||0.52|"13|237|391.00"|0.00|0.00|0.00||-|-|-|-|-|-|-|-|-|||CAD|D|0.00|05/15/2014|05/15/2014|-|0.00| ||0.00||
NBY|CA|NIOBAY METALS IN|NBY.V|-0.06|0.00|0.00|3.57|0.02|0.58|0.58|0.57|500.00|6.00|6.00|0.56|0.73|0.93|0.58|0.56|0.20|0.56|-||0.57|   ||29.74|"53|099|345.00"|"52|953.00"|"74|703.38"|0.00||-|-|-|-|-|-|-|-|-|||CAD|D|0.00|09/21/2016|09/21/2016|-|25.00|Þ||0.02||
NCX|CA|NORTHISLE COPPER|NCX.V|0.00|0.00|0.00|6.25|0.02|0.34|0.34|0.34|"25|000.00"|11.00|52.00|0.32|0.38|0.40|0.35|0.33|0.02|0.34|-||0.34|   ||46.85|"146|419|194.00"|"129|112.00"|"94|604.08"|0.00||-|-|-|-|-|-|-|-|-|||CAD|D|0.00|-|-|-|27.00|þ||0.02||
NDR.V|-|-|-|-|-|-|-|-|-|-|-|-|-|-|-|-|-|-|-|-|-|-|-|-|-|-|-|-|-|-|-|-|-|-|-|-|-|-|-|-|-|-|-|-|-|-|-|-|-|-|-|-|-|-|-
NED|CA|NEW DESTINY MING|NED.V|-0.01|0.00|0.00|0.0|0.0|0.07|0.09|0.07|0.00|10.00|1.00|0.07|0.09|0.11|0.00|0.00|0.02|0.00|-||0.08|   ||1.23|"16|405|669.00"|0.00|"38|894.68"|0.00||-|-|-|-|-|-|-|-|-|||CAD|D|0.00|08/05/2016|08/05/2016|-|0.00| ||0.00||
NEE|CA|NORTHERN VERTEX|NEE.V|-0.07|0.00|0.00|-6.6|-0.035|0.49|0.50|0.49|"1|000.00"|20.00|89.00|0.53|0.57|0.72|0.52|0.48|0.15|0.52|-||0.49|   ||134.38|"251|559|288.00"|"186|616.00"|"238|321.50"|0.00||-|-|-|-|-|-|-|-|-|||CAD|D|0.00|-|-|-|55.00|Þ||0.04||
NEM.NLB|-|-|-|-|-|-|-|-|-|-|-|-|-|-|-|-|-|-|-|-|-|-|-|-|-|-|-|-|-|-|-|-|-|-|-|-|-|-|-|-|-|-|-|-|-|-|-|-|-|-|-|-|-|-|-
NER|CA|NEWMAC RESOURCES|NER.V|-0.02|0.00|0.00|0.0|0.0|0.07|0.13|0.07|0.00|11.00|17.00|0.07|0.13|0.16|0.00|0.00|0.03|0.00|-||0.10|   ||0.73|"9|716|042.00"|0.00|"2|572.95"|0.00||-|-|-|-|-|-|-|-|-|||CAD|D|0.00|05/16/2012|05/16/2012|-|0.00| ||0.00||
NET|US|CLOUDFLARE INC A|NET|-0.48|0.00|0.00|1.7255|1.32|77.82|78.20|77.75|0.00|15.00|1.00|76.50|73.72|88.77|78.22|75.69|15.05|77.00|-|0.69|77.97|NYQ||"23|508.53"|"233|509|000.00"|"2|964|710.00"|"5|555|949.92"|"213|364.00"||-|-|-|-|-|-|-|-|-|||USD|R|0.00|-|-|-|"37|020.00"|þ||2.53||
NEV|CA|NEVADA SUNRISE G|NEV.V|-0.01|0.00|0.00|-13.33|-0.02|0.13|0.14|0.13|"6|000.00"|50.00|5.00|0.15|0.30|0.31|0.14|0.13|0.01|0.14|-||0.13|   ||11.09|"73|908|327.00"|"75|500.00"|"146|761.32"|0.00||-|-|-|-|-|-|-|-|-|||CAD|D|0.00|12/16/2013|12/16/2013|-|12.00|þ||0.01||
NGC|CA|NORTHRN GRAPHITE|NGC.V|-0.01|0.00|0.00|3.45|0.01|0.30|0.30|0.29|"3|000.00"|19.00|16.00|0.29|0.24|0.34|0.30|0.29|0.10|0.29|-||0.30|   ||18.88|"65|112|756.00"|"27|499.00"|"54|068.69"|0.00||-|-|-|-|-|-|-|-|-|||CAD|D|0.00|-|-|-|12.00|Þ||0.01||
NGE|CA|NEVADA EXPLRTN|NGE.V|-0.04|0.00|0.00|2.94|0.005|0.17|0.18|0.17|"10|000.00"|100.00|77.00|0.17|0.27|0.39|0.17|0.17|0.12|0.17|-||0.17|   ||17.74|"104|374|816.00"|"46|000.00"|"91|275.54"|0.00||-|-|-|-|-|-|-|-|-|||CAD|D|0.00|08/27/2015|08/27/2015|-|6.00|Þ||0.00||
NGZ.V|-|-|-|-|-|-|-|-|-|-|-|-|-|-|-|-|-|-|-|-|-|-|-|-|-|-|-|-|-|-|-|-|-|-|-|-|-|-|-|-|-|-|-|-|-|-|-|-|-|-|-|-|-|-|-
NIC|-|-|-|-|-|-|-|-|-|-|-|-|-|-|-|-|-|-|-|-|-|-|-|-|-|-|-|-|-|-|-|-|-|-|-|-|-|-|-|-|-|-|-|-|-|-|-|-|-|-|-|-|-|-|-
NIK|-|-|-|-|-|-|-|-|-|-|-|-|-|-|-|-|-|-|-|-|-|-|-|-|-|-|-|-|-|-|-|-|-|-|-|-|-|-|-|-|-|-|-|-|-|-|-|-|-|-|-|-|-|-|-
NIM|CA|NICOLA MINING IN|NIM.V|-0.01|0.00|0.00|-0.0|-0.0|0.14|0.14|0.14|"2|500.00"|157.00|142.00|0.14|0.17|0.21|0.14|0.14|0.04|0.14|-||0.14|   ||38.18|"263|314|888.00"|"19|500.00"|"191|328.22"|0.00||-|-|-|-|-|-|-|-|-|||CAD|D|0.00|06/01/2015|06/01/2015|-|4.00|Þ||0.00||
NIO|CA|NIOCAN INC|NIO.V|-0.02|0.00|0.00|2.94|0.005|0.17|0.18|0.17|500.00|33.00|44.00|0.17|0.18|0.28|0.18|0.17|0.10|0.18|-||0.17|   ||4.42|"25|979|868.00"|"112|600.00"|"33|116.88"|0.00||-|-|-|-|-|-|-|-|-|||CAD|D|0.00|-|-|-|43.00|Þ||0.02||
NIP|CA|NIPPON DRAGON RE|NIP.V|0.00|0.00|0.00|0.0|0.0|0.04|0.05|0.04|0.00|28.00|318.00|0.04|0.08|0.09|0.00|0.00|0.01|0.00|-||0.05|   ||9.09|"202|046|310.00"|0.00|"89|001.02"|0.00||-|-|-|-|-|-|-|-|-|||CAD|D|0.00|05/27/2011|05/27/2011|-|0.00| ||0.00||
NL|CA|NRTHN LION GOLD|NL.V|0.00|0.00|0.00|0.0|0.0|0.37|0.60|0.34|0.00|3.00|20.00|0.37|0.35|0.45|0.00|0.00|0.10|0.00|-||0.47|   ||3.21|"8|682|600.00"|0.00|594.05|0.00||-|-|-|-|-|-|-|-|-|||CAD|D|0.00|09/23/2016|09/23/2016|-|0.00| ||0.00||
NLC|CA|NEO LITHIUM CORP|NLC.V|-0.02|0.00|0.00|5.04|0.12|2.50|2.50|2.49|100.00|26.00|2.00|2.38|2.29|2.67|2.57|2.39|0.38|2.39|-||2.50|   ||304.80|"127|718|784.00"|"645|227.00"|"459|095.19"|"21|100.00"||-|-|-|-|-|-|-|-|-|||CAD|D|0.00|07/20/2016|07/20/2016|-|"1|025.00"|Þ||0.18||
NM|US|NAVIOS MARITIME|NM|-19.09|0.00|0.00|7.8078|0.26|3.59|4.00|3.40|0.00|1.00|1.00|3.33|2.81|4.11|3.92|3.33|1.30|3.33|-|0.92|3.70|NYQ||52.88|"15|880|332.00"|"588|525.00"|"67|841.29"|"36|108.00"||-|-|-|-|-|-|-|-|-|||USD|R|0.00|01/03/2019|01/03/2019|-|"1|835.00"|þ||0.59||
NMD|-|-|-|-|-|-|-|-|-|-|-|-|-|-|-|-|-|-|-|-|-|-|-|-|-|-|-|-|-|-|-|-|-|-|-|-|-|-|-|-|-|-|-|-|-|-|-|-|-|-|-|-|-|-|-
NMG|-|-|-|-|-|-|-|-|-|-|-|-|-|-|-|-|-|-|-|-|-|-|-|-|-|-|-|-|-|-|-|-|-|-|-|-|-|-|-|-|-|-|-|-|-|-|-|-|-|-|-|-|-|-|-
NNA|US|NAVIOS MARTM ACQ|NNA|2.62|1.34|5.70|2.5641|0.09|3.60|3.62|3.60|0.00|2.00|4.00|3.51|5.90|7.99|3.66|3.47|2.09|3.47|-|0.90|3.61|NYQ||60.03|"17|103|371.00"|"167|392.00"|"173|955.26"|0.00||-|-|-|-|-|-|-|-|-|||USD|R|0.20|02/10/2021|01/11/2021|-|792.00|þ||0.19||
NNN|US|NATIONAL RET PRP|NNN|1.23|31.77|5.32|-1.2014|-0.47|38.65|39.12|38.65|0.00|20.00|1.00|39.12|34.83|58.87|39.03|38.25|24.04|38.86|-|0.33|38.88|NYQ||"6|796.23"|"173|727|624.00"|"1|271|956.00"|"1|252|540.43"|"259|473.00"||-|-|-|-|-|-|-|-|-|||USD|R|2.08|11/16/2020|10/29/2020|-|"12|267.00"|þ||0.78||
NNX|CA|NCKL NORTH EXPLR|NNX.V|0.00|0.00|0.00|0.0|0.0|0.04|0.04|0.04|0.00|35.00|18.00|0.04|0.10|0.10|0.00|0.00|0.01|0.00|-||0.04|   ||3.06|"76|518|747.00"|0.00|"46|536.29"|0.00||-|-|-|-|-|-|-|-|-|||CAD|D|0.00|-|-|-|0.00| ||0.00||
NOB|CA|NOBLE MINERAL EX|NOB.V|0.01|7.03|0.00|-0.0|-0.0|0.10|0.10|0.10|"7|000.00"|161.00|101.00|0.10|0.11|0.14|0.12|0.10|0.03|0.10|-||0.10|   ||17.04|"149|697|739.00"|"658|445.00"|"186|046.78"|0.00||-|-|-|-|-|-|-|-|-|||CAD|D|0.00|02/27/2020|02/27/2020|-|34.00|Þ||0.02||
NOT|CA|NORONT RES|NOT.V|-0.02|0.00|0.00|-6.38|-0.015|0.22|0.23|0.22|"10|000.00"|168.00|387.00|0.23|0.19|0.30|0.23|0.22|0.12|0.23|-||0.22|   ||94.17|"415|203|568.00"|"432|616.00"|"261|562.45"|0.00||-|-|-|-|-|-|-|-|-|||CAD|D|0.00|-|-|-|80.00|þ||0.01||
NOU|CA|NOUVEAU MND GRPT|NOU.V|-0.03|0.00|0.00|-1.14|-0.02|1.74|1.79|1.73|"1|000.00"|61.00|99.00|1.76|1.85|1.98|1.86|1.71|0.13|1.75|-||1.76|   ||491.97|"273|318|315.00"|"1|690|921.00"|"985|806.70"|"208|900.00"||-|-|-|-|-|-|-|-|-|||CAD|D|0.00|-|-|-|"1|612.00"|þ||0.15||
NPD|-|-|-|-|-|-|-|-|-|-|-|-|-|-|-|-|-|-|-|-|-|-|-|-|-|-|-|-|-|-|-|-|-|-|-|-|-|-|-|-|-|-|-|-|-|-|-|-|-|-|-|-|-|-|-
NQE|-|-|-|-|-|-|-|-|-|-|-|-|-|-|-|-|-|-|-|-|-|-|-|-|-|-|-|-|-|-|-|-|-|-|-|-|-|-|-|-|-|-|-|-|-|-|-|-|-|-|-|-|-|-|-
NRE|-|-|-|-|-|-|-|-|-|-|-|-|-|-|-|-|-|-|-|-|-|-|-|-|-|-|-|-|-|-|-|-|-|-|-|-|-|-|-|-|-|-|-|-|-|-|-|-|-|-|-|-|-|-|-
NRG|CA|NEWRANGE GOLD CO|NRG.V|-0.03|0.00|0.00|-17.86|-0.025|0.12|0.12|0.11|"2|000.00"|35.00|862.00|0.14|0.36|0.43|0.12|0.10|0.07|0.12|-||0.11|   ||17.75|"126|805|143.00"|"2|201|003.00"|"439|841.44"|0.00||-|-|-|-|-|-|-|-|-|||CAD|D|0.00|-|-|-|162.00|Þ||0.01||
NRM|CA|NORAM VENTURES|NRM.V|-0.01|0.00|0.00|43.64|0.24|0.79|0.79|0.78|"1|000.00"|36.00|6.00|0.55|0.49|0.57|0.80|0.61|0.07|0.62|-||0.79|   ||35.73|"64|959|518.00"|"1|940|504.00"|"388|091.42"|0.00||-|-|-|-|-|-|-|-|-|||CAD|D|0.00|03/02/2018|03/02/2018|-|463.00|Þ||0.19||
NRN|CA|NRTH SHIELD RSC|NRN.V|-0.01|0.00|0.00|-0.0|-0.0|0.09|0.09|0.08|"10|000.00"|219.00|44.00|0.09|0.12|0.17|0.09|0.09|0.05|0.09|-||0.08|   ||23.30|"274|062|716.00"|"12|000.00"|"504|495.62"|0.00||-|-|-|-|-|-|-|-|-|||CAD|D|0.00|-|-|-|2.00| ||0.00||
NSE|CA|NW STRATUS ENRGY|NSE.V|-0.03|0.00|0.00|0.0|0.0|0.31|0.40|0.32|0.00|73.00|53.00|0.31|0.59|0.62|0.00|0.00|0.03|0.00|-||0.36|   ||17.92|"57|815|445.00"|0.00|"44|020.35"|0.00||-|-|-|-|-|-|-|-|-|||CAD|D|0.00|04/20/2017|04/20/2017|-|0.00| ||0.00||
NSX|CA|NSGOLD CORPORATI|NSX.V|-0.01|0.00|0.00|0.0|0.0|0.30|0.36|0.26|0.00|2.00|2.00|0.30|0.59|0.69|0.00|0.00|0.10|0.00|-||0.31|   ||5.30|"17|652|422.00"|0.00|"5|116.34"|0.00||-|-|-|-|-|-|-|-|-|||CAD|D|0.00|11/19/2014|11/19/2014|-|0.00| ||0.00||
NTY|-|-|-|-|-|-|-|-|-|-|-|-|-|-|-|-|-|-|-|-|-|-|-|-|-|-|-|-|-|-|-|-|-|-|-|-|-|-|-|-|-|-|-|-|-|-|-|-|-|-|-|-|-|-|-
NUAG.V|-|-|-|-|-|-|-|-|-|-|-|-|-|-|-|-|-|-|-|-|-|-|-|-|-|-|-|-|-|-|-|-|-|-|-|-|-|-|-|-|-|-|-|-|-|-|-|-|-|-|-|-|-|-|-
NUG|CA|NULEGACY GOLD|NUG.V|0.00|0.00|0.00|4.17|0.005|0.13|0.13|0.12|"12|000.00"|646.00|554.00|0.12|0.21|0.23|0.13|0.12|0.03|0.12|-||0.12|   ||58.66|"488|852|453.00"|"3|514|950.00"|"901|400.53"|0.00||-|-|-|-|-|-|-|-|-|||CAD|D|0.00|-|-|-|222.00|Þ||0.01||
NVM|-|-|-|-|-|-|-|-|-|-|-|-|-|-|-|-|-|-|-|-|-|-|-|-|-|-|-|-|-|-|-|-|-|-|-|-|-|-|-|-|-|-|-|-|-|-|-|-|-|-|-|-|-|-|-
NVO|CA|**SEE<NVO.TO>|NVO.V|0.00|0.00|0.00|0.0|0.0|0.00|0.00|0.00|0.00|0.00|0.00|0.00|0.00|0.00|0.00|0.00|0.00|0.00|-||0.00|   ||||0.00||0.00||-|-|-|-|-|-|-|-|-|||CAD|D|0.00|-|-|-|0.00| ||0.00||
NVT|CA|NORTEC MINL CORP|NVT.V|0.00|0.00|0.00|0.0|0.0|0.03|0.03|0.02|0.00|440.00|946.00|0.03|0.03|0.04|0.00|0.00|0.01|0.00|-||0.03|   ||3.28|"109|313|374.00"|0.00|"101|289.08"|0.00||-|-|-|-|-|-|-|-|-|||CAD|D|0.00|10/15/2014|10/15/2014|-|0.00| ||0.00||
NVX|CA|NV GOLD CORP|NVX.V|-0.03|0.00|0.00|9.26|0.025|0.29|0.30|0.29|"2|000.00"|16.00|1.00|0.27|0.40|0.47|0.29|0.29|0.07|0.29|-||0.29|   ||18.79|"64|803|937.00"|"25|300.00"|"96|415.72"|0.00||-|-|-|-|-|-|-|-|-|||CAD|D|0.00|05/25/2016|05/25/2016|-|5.00|Þ||0.01||
NVY|CA|NAVY RSURCS CORP|NVY.V|-0.04|0.00|0.00|0.0|0.0|0.62|0.69|0.62|0.00|10.00|1.00|0.62|0.58|0.70|0.00|0.00|0.12|0.00|-||0.66|   ||22.44|"36|185|880.00"|0.00|"13|923.28"|0.00||-|-|-|-|-|-|-|-|-|||CAD|D|0.00|-|-|-|0.00| ||0.00||
NW.V|-|-|-|-|-|-|-|-|-|-|-|-|-|-|-|-|-|-|-|-|-|-|-|-|-|-|-|-|-|-|-|-|-|-|-|-|-|-|-|-|-|-|-|-|-|-|-|-|-|-|-|-|-|-|-
NWX|CA|NEWPORT EXPLRTN|NWX.V|0.06|9.17|23.08|-0.0|-0.0|0.52|0.54|0.52|"1|500.00"|10.00|17.00|0.52|0.28|0.53|0.54|0.52|0.25|0.52|-||0.53|   ||54.90|"105|579|874.00"|"121|064.00"|"44|629.99"|0.00||-|-|-|-|-|-|-|-|-|||CAD|D|0.12|12/11/2020|11/25/2020|-|39.00|þ||0.02||
NXN.V|-|-|-|-|-|-|-|-|-|-|-|-|-|-|-|-|-|-|-|-|-|-|-|-|-|-|-|-|-|-|-|-|-|-|-|-|-|-|-|-|-|-|-|-|-|-|-|-|-|-|-|-|-|-|-
NXS|CA|NEXUS GOLD CORP|NXS.V|-0.06|0.00|0.00|-0.0|-0.0|0.08|0.08|0.07|"14|000.00"|449.00|2.00|0.08|0.12|0.14|0.08|0.07|0.03|0.07|-||0.08|   ||18.10|"226|259|750.00"|"1|227|630.00"|"1|366|372.28"|0.00||-|-|-|-|-|-|-|-|-|||CAD|D|0.00|04/13/2018|04/13/2018|-|62.00|Þ||0.01||
NZN|CA|NEVADA ZINC CORP|NZN.V|0.00|0.00|0.00|-0.0|-0.0|0.13|0.14|0.12|"10|000.00"|46.00|289.00|0.13|0.13|0.16|0.14|0.13|0.03|0.14|-||0.13|   ||8.93|"74|391|128.00"|"78|692.00"|"38|189.72"|0.00||-|-|-|-|-|-|-|-|-|||CAD|D|0.00|-|-|-|9.00|þ||0.01||
NZP|CA|CHTHM RCK PHSPTE|NZP.V|-0.02|0.00|0.00|10.0|0.01|0.11|0.11|0.10|"7|000.00"|2.00|2.00|0.10|0.27|0.32|0.11|0.11|0.06|0.11|-||0.11|   ||3.37|"33|699|154.00"|"60|000.00"|"30|921.01"|0.00||-|-|-|-|-|-|-|-|-|||CAD|D|0.00|11/30/2017|-|-|5.00|Þ||0.00||
NZZ|-|-|-|-|-|-|-|-|-|-|-|-|-|-|-|-|-|-|-|-|-|-|-|-|-|-|-|-|-|-|-|-|-|-|-|-|-|-|-|-|-|-|-|-|-|-|-|-|-|-|-|-|-|-|-
OCN|US|OCWEN FINL CORP|OCN|0.75|36.41|0.00|1.8668|0.51|27.83|33.00|22.00|0.00|20.00|5.00|27.32|28.29|32.51|28.10|27.13|4.22|27.42|-|0.77|27.50|NYQ||237.25|"8|683|994.00"|"42|561.00"|"78|787.87"|0.00||-|-|-|-|-|-|-|-|-|||USD|R|0.00|08/14/2020|08/14/2020|-|937.00|Þ||0.97||
OCO|CA|OROCO RESOURCE|OCO.V|0.00|778.26|0.00|1.68|0.03|1.82|1.82|1.80|"1|600.00"|34.00|12.00|1.79|1.92|2.12|1.82|1.76|0.20|1.76|-||1.81|   ||332.55|"185|782|056.00"|"57|044.00"|"205|466.76"|0.00||-|-|-|-|-|-|-|-|-|||CAD|D|0.00|-|-|-|54.00|Þ||0.06||
OK|-|-|-|-|-|-|-|-|-|-|-|-|-|-|-|-|-|-|-|-|-|-|-|-|-|-|-|-|-|-|-|-|-|-|-|-|-|-|-|-|-|-|-|-|-|-|-|-|-|-|-|-|-|-|-
OLA|CA|ORLA MINING LTD|OLA.TO|-0.17|0.00|0.00|-1.37|-0.09|6.50|6.60|6.40|100.00|10.00|207.00|6.59|6.03|7.51|6.73|6.43|1.48|6.61|-||6.50|TOR||"1|520.79"|"228|966|384.00"|"276|889.00"|"721|122.85"|0.00||-|-|-|-|-|-|-|-|-|||CAD|R|0.00|01/07/2015|01/07/2015|-|"1|521.00"|þ||0.30||
OLV|CA|OLIVUT RSCS|OLV.V|-0.01|0.00|0.00|-0.0|-0.0|0.10|0.11|0.10|"1|000.00"|150.00|7.00|0.10|0.08|0.11|0.10|0.10|0.03|0.10|-||0.10|   ||5.97|"62|840|611.00"|"1|750.00"|"19|855.17"|0.00||-|-|-|-|-|-|-|-|-|||CAD|D|0.00|01/08/2007|01/10/2007|-|2.00| ||0.00||
OM|CA|OSISKO MTLS INC|OM.V|-0.06|0.00|0.00|-3.16|-0.015|0.46|0.47|0.46|"5|000.00"|98.00|4.00|0.47|0.33|0.57|0.47|0.46|0.24|0.47|-||0.46|   ||84.93|"178|798|993.00"|"185|500.00"|"101|976.79"|0.00||-|-|-|-|-|-|-|-|-|||CAD|D|0.00|06/26/2017|06/26/2017|-|42.00|þ||0.01||
OMM|CA|OMINECA MINING|OMM.V|-0.01|0.00|0.00|-4.05|-0.015|0.35|0.37|0.35|"4|000.00"|4.00|14.00|0.37|0.69|0.75|0.37|0.35|0.06|0.35|-||0.36|   ||45.11|"121|923|234.00"|"18|088.00"|"119|002.08"|0.00||-|-|-|-|-|-|-|-|-|||CAD|D|0.00|-|-|-|14.00|þ||0.02||
ONV|-|-|-|-|-|-|-|-|-|-|-|-|-|-|-|-|-|-|-|-|-|-|-|-|-|-|-|-|-|-|-|-|-|-|-|-|-|-|-|-|-|-|-|-|-|-|-|-|-|-|-|-|-|-|-
OOO|-|-|-|-|-|-|-|-|-|-|-|-|-|-|-|-|-|-|-|-|-|-|-|-|-|-|-|-|-|-|-|-|-|-|-|-|-|-|-|-|-|-|-|-|-|-|-|-|-|-|-|-|-|-|-
OOR|CA|OPUS ONE GLD ORD|OOR.V|-0.01|0.00|0.00|-9.09|-0.005|0.05|0.05|0.04|"50|000.00"|25.00|770.00|0.06|0.10|0.12|0.05|0.05|0.02|0.05|-||0.05|   ||5.87|"117|401|873.00"|"266|000.00"|"124|940.62"|0.00||-|-|-|-|-|-|-|-|-|||CAD|D|0.00|01/17/2008|01/17/2008|-|12.00|þ||0.00||
OPW|CA|OPAWICA EXPLORTN|OPW.V|-0.04|0.00|0.00|5.0|0.01|0.21|0.21|0.19|"2|000.00"|9.00|10.00|0.20|0.19|0.23|0.21|0.20|0.04|0.20|-||0.20|   ||3.44|"17|212|119.00"|"24|000.00"|"48|188.22"|0.00||-|-|-|-|-|-|-|-|-|||CAD|D|0.00|02/12/2019|02/12/2019|-|4.00|Þ||0.01||
ORE|CA|OREZONE GOLD CRP|ORE.V|-0.11|0.00|0.00|0.91|0.01|1.11|1.13|1.11|"2|000.00"|12.00|108.00|1.10|1.05|1.27|1.13|1.09|0.22|1.09|-||1.12|   ||284.27|"256|403|306.00"|"114|170.00"|"171|323.95"|0.00||-|-|-|-|-|-|-|-|-|||CAD|D|0.00|-|-|-|43.00|þ||0.04||
ORG|CA|ORCA GOLD INC|ORG.V|-0.04|0.00|0.00|-5.19|-0.04|0.73|0.75|0.73|"1|000.00"|20.00|33.00|0.77|0.73|0.93|0.77|0.73|0.20|0.77|-||0.74|   ||181.86|"236|186|905.00"|"98|942.00"|"258|048.42"|0.00||-|-|-|-|-|-|-|-|-|||CAD|D|0.00|04/09/2013|04/09/2013|-|43.00|þ||0.04||
ORO|CA|NEW OROPERU RSC|ORO.V|-0.04|0.00|0.00|0.46|0.01|2.20|2.35|2.33|600.00|35.00|10.00|2.19|3.05|3.59|2.33|2.15|0.54|2.33|-||2.34|   ||61.07|"27|887|962.00"|"10|500.00"|"16|687.93"|0.00||-|-|-|-|-|-|-|-|-|||CAD|D|0.00|-|-|-|14.00|Þ||0.18||
ORR|-|-|-|-|-|-|-|-|-|-|-|-|-|-|-|-|-|-|-|-|-|-|-|-|-|-|-|-|-|-|-|-|-|-|-|-|-|-|-|-|-|-|-|-|-|-|-|-|-|-|-|-|-|-|-
ORS|CA|ORESTONE MINING|ORS.V|-0.04|0.00|0.00|-7.69|-0.01|0.12|0.12|0.11|500.00|85.00|5.00|0.13|0.25|0.28|0.12|0.11|0.03|0.12|-||0.11|   ||5.10|"39|247|829.00"|"152|826.00"|"269|324.10"|0.00||-|-|-|-|-|-|-|-|-|||CAD|D|0.00|08/29/2017|08/29/2017|-|18.00|Þ||0.01||
ORX|CA|OREFINDERS RSRCS|ORX.V|0.00|0.00|0.00|-9.68|-0.015|0.14|0.15|0.14|"1|000.00"|8.00|202.00|0.15|0.22|0.26|0.14|0.14|0.04|0.14|-||0.15|   ||27.71|"178|778|742.00"|"20|500.00"|"316|401.05"|0.00||-|-|-|-|-|-|-|-|-|||CAD|D|0.00|-|-|-|7.00|þ||0.00||
OS.V|-|-|-|-|-|-|-|-|-|-|-|-|-|-|-|-|-|-|-|-|-|-|-|-|-|-|-|-|-|-|-|-|-|-|-|-|-|-|-|-|-|-|-|-|-|-|-|-|-|-|-|-|-|-|-
OSU|CA|ORSU METL CP ORD|OSU.V|-0.02|0.00|0.00|-12.33|-0.045|0.32|0.37|0.32|"9|000.00"|16.00|4.00|0.36|0.35|0.45|0.32|0.32|0.10|0.32|-||0.34|   ||15.80|"42|958|367.00"|"21|000.00"|"15|180.55"|0.00||-|-|-|-|-|-|-|-|-|||CAD|D|0.00|09/15/2017|09/15/2017|-|3.00|þ||0.00||
PA|CA|PALAMINA CORP|PA.V|-0.05|0.00|0.00|-0.0|-0.0|0.23|0.25|0.23|"16|000.00"|24.00|30.00|0.23|0.26|0.34|0.23|0.22|0.09|0.22|-||0.24|   ||10.42|"45|284|836.00"|"57|100.00"|"25|753.15"|0.00||-|-|-|-|-|-|-|-|-|||CAD|D|0.00|-|-|-|5.00|Þ||0.01||
PAC|CA|PACTON GOLD ORD|PAC.V|-0.46|0.00|0.00|-0.0|-0.0|0.90|0.91|0.89|"1|000.00"|1.00|12.00|0.90|1.46|1.81|0.91|0.89|0.35|0.91|-||0.90|   ||34.43|"37|420|797.00"|"50|476.00"|"91|648.69"|0.00||-|-|-|-|-|-|-|-|-|||CAD|D|0.00|06/09/2020|06/09/2020|-|45.00|þ||0.02||
PAD|CA|PAN ANDEAN MINRL|PAD.V|-0.02|0.00|0.00|0.0|0.0|0.09|0.08|0.08|0.00|58.00|395.00|0.09|0.01|0.09|0.00|0.00|0.08|0.00|-||0.08|   ||6.32|"70|233|980.00"|0.00|0.00|0.00||-|-|-|-|-|-|-|-|-|||CAD|D|0.00|03/07/2018|03/07/2018|-|0.00| ||0.00||
PAL|CA|PARALLE MING ORD|PAL.V|-0.12|0.00|0.00|0.0|0.0|0.15|0.56|0.13|0.00|8.00|400.00|0.15|0.10|0.20|0.00|0.00|0.10|0.00|-||0.35|   ||3.02|"20|158|419.00"|0.00|"21|067.00"|0.00||-|-|-|-|-|-|-|-|-|||CAD|D|0.00|11/26/2019|11/26/2019|-|0.00| ||0.00||
PAM|US|PAMPA ENERGIA SA|PAM|1.70|7.43|0.00|0.4754|0.06|12.68|14.65|6.13|0.00|6.00|1.00|12.62|6.44|15.16|13.04|12.39|8.72|12.53|-|0.56|10.39|NYQ||"1|398.07"|"1|596|288|214.00"|"103|533.00"|"217|516.47"|0.00||-|-|-|-|-|-|-|-|-|||USD|R|0.00|03/31/2011|01/11/2011|-|966.00|þ||0.65||
PAN|CA|PANGOLIN DIAMOND|PAN.V|-0.01|0.00|0.00|-0.0|-0.0|0.03|0.03|0.03|"11|000.00"|100.00|647.00|0.03|0.03|0.04|0.03|0.03|0.01|0.03|-||0.03|   ||4.66|"186|232|618.00"|"11|000.00"|"52|171.85"|0.00||-|-|-|-|-|-|-|-|-|||CAD|D|0.00|03/20/2013|03/20/2013|-|1.00| ||0.00||
PBM|CA|PACIFIC BAY MNRL|PBM.V|-0.03|0.00|0.00|0.0|0.0|0.11|0.16|0.15|0.00|19.00|2.00|0.11|0.14|0.18|0.00|0.00|0.05|0.00|-||0.15|   ||1.59|"14|437|911.00"|0.00|"1|351.26"|0.00||-|-|-|-|-|-|-|-|-|||CAD|D|0.00|12/21/2018|12/21/2018|-|0.00| ||0.00||
PBR|US|PETROLEO BRASIL|PBR|-1.22|0.00|0.82|2.807|0.32|11.72|11.76|11.54|0.00|4.00|100.00|11.40|11.58|15.59|11.76|11.45|4.01|11.57|-|0.48|11.65|NYQ||"73|921.20"|"7|442|454|142.00"|"29|407|717.00"|"21|122|861.98"|"6|987|043.00"||-|-|-|-|-|-|-|-|-|||USD|R|0.09|12/22/2020|07/23/2020|-|"48|389.00"|Þ||0.31||
PCR.V|-|-|-|-|-|-|-|-|-|-|-|-|-|-|-|-|-|-|-|-|-|-|-|-|-|-|-|-|-|-|-|-|-|-|-|-|-|-|-|-|-|-|-|-|-|-|-|-|-|-|-|-|-|-|-
PE|CA|PURE ENERGY MNRL|PE.V|-0.02|0.00|0.00|32.94|0.28|1.13|1.13|1.09|"1|500.00"|6.00|19.00|0.85|1.23|1.41|1.14|0.86|0.18|0.90|-||1.11|   ||27.24|"32|043|419.00"|"308|390.00"|"33|918.50"|0.00||-|-|-|-|-|-|-|-|-|||CAD|D|0.00|11/23/2020|11/23/2020|-|204.00|Þ||0.28||
PEX|CA|PACIFIC RIDGE EX|PEX.V|0.00|0.00|0.00|0.0|0.0|0.07|0.09|0.07|0.00|74.00|20.00|0.07|0.06|0.09|0.00|0.00|0.03|0.00|-||0.08|   ||2.61|"34|849|008.00"|0.00|"58|708.86"|0.00||-|-|-|-|-|-|-|-|-|||CAD|D|0.00|04/30/2013|04/30/2013|-|0.00| ||0.00||
PGC|CA|PLATO GOLD|PGC.V|0.00|0.00|0.00|16.67|0.005|0.04|0.04|0.03|"13|000.00"|270.00|589.00|0.03|0.04|0.05|0.04|0.04|0.01|0.04|-||0.03|   ||6.27|"208|919|717.00"|"13|000.00"|"104|179.33"|0.00||-|-|-|-|-|-|-|-|-|||CAD|D|0.00|-|-|-|1.00|Þ||0.00||
PGE|CA|GROUP TEN METALS|PGE.V|-0.04|0.00|0.00|-1.28|-0.005|0.39|0.41|0.38|"9|000.00"|6.00|10.00|0.39|0.35|0.47|0.42|0.36|0.12|0.42|-||0.40|   ||56.80|"145|636|071.00"|"261|035.00"|"265|924.78"|0.00||-|-|-|-|-|-|-|-|-|||CAD|D|0.00|11/23/2016|11/23/2016|-|70.00|þ||0.05||
PGM|CA|PURE GOLD MINING|PGM.V|-0.04|0.00|0.00|0.46|0.01|2.18|2.18|2.16|100.00|11.00|46.00|2.17|2.70|3.08|2.22|2.16|0.38|2.21|-||2.17|   ||861.45|"396|980|777.00"|"894|698.00"|"1|046|538.52"|"193|000.00"||-|-|-|-|-|-|-|-|-|||CAD|D|0.00|11/23/2012|11/23/2012|-|"1|248.00"|Þ||0.06||
PGS|-|-|-|-|-|-|-|-|-|-|-|-|-|-|-|-|-|-|-|-|-|-|-|-|-|-|-|-|-|-|-|-|-|-|-|-|-|-|-|-|-|-|-|-|-|-|-|-|-|-|-|-|-|-|-
PGX|CA|PROSPER GOLD COR|PGX.V|-0.07|0.00|0.00|-1.75|-0.04|2.24|2.32|2.21|600.00|115.00|20.00|2.28|2.03|2.28|2.40|2.24|0.25|2.30|-||2.26|   ||27.29|"11|970|413.00"|"61|161.00"|"30|034.75"|0.00||-|-|-|-|-|-|-|-|-|||CAD|D|0.00|09/08/2020|09/08/2020|-|65.00|þ||0.16||
PGZ|CA|PAN GLOBAL RESRC|PGZ.V|-0.03|0.00|0.00|-3.7|-0.02|0.52|0.54|0.52|"8|000.00"|39.00|58.00|0.54|0.66|0.72|0.53|0.51|0.06|0.53|-||0.53|   ||82.81|"153|342|790.00"|"97|900.00"|"272|960.38"|0.00||-|-|-|-|-|-|-|-|-|||CAD|D|0.00|-|-|-|17.00|Þ||0.02||
PHD|CA|PROVDNC GOLD MIN|PHD.V|-0.01|0.00|0.00|-0.0|-0.0|0.12|0.12|0.11|"10|000.00"|80.00|13.00|0.12|0.12|0.17|0.12|0.09|0.06|0.10|-||0.11|   ||6.34|"55|057|004.00"|"674|200.00"|"132|293.54"|0.00||-|-|-|-|-|-|-|-|-|||CAD|D|0.00|07/26/2016|07/26/2016|-|42.00|Þ||0.03||
PHI|CA|PHILIPPINE METAL|PHI.V|-0.01|0.00|0.00|0.0|0.0|0.06|0.07|0.06|0.00|38.00|9.00|0.06|0.10|0.12|0.00|0.00|0.02|0.00|-||0.06|   ||1.11|"20|118|338.00"|0.00|"7|480.92"|0.00||-|-|-|-|-|-|-|-|-|||CAD|D|0.00|08/21/2013|08/21/2013|-|0.00| ||0.00||
PJX|CA|PJX RESOURCE INC|PJX.V|-0.01|0.00|0.00|0.0|0.0|0.15|0.16|0.15|0.00|20.00|69.00|0.15|0.17|0.18|0.00|0.00|0.01|0.00|-||0.15|   ||17.64|"117|574|694.00"|0.00|"42|873.05"|0.00||-|-|-|-|-|-|-|-|-|||CAD|D|0.00|-|-|-|0.00| ||0.00||
PLA|CA|PLATA LATINA MIN|PLA.V|0.00|0.00|0.00|0.0|0.0|0.04|0.04|0.04|0.00|7.00|3.00|0.04|0.04|0.05|0.00|0.00|0.01|0.00|-||0.04|   ||3.16|"79|034|671.00"|0.00|"6|845.60"|0.00||-|-|-|-|-|-|-|-|-|||CAD|D|0.00|-|-|-|0.00| ||0.00||
PLU|CA|PLTEAU ENRGY MTL|PLU.V|-0.06|0.00|0.00|-0.0|-0.0|0.42|0.42|0.40|"1|000.00"|2.00|16.00|0.42|0.33|0.49|0.44|0.41|0.16|0.43|-||0.41|   ||42.52|"104|904|608.00"|"109|556.00"|"114|022.75"|0.00||-|-|-|-|-|-|-|-|-|||CAD|D|0.00|05/01/2015|05/01/2015|-|21.00|þ||0.03||
PLY|CA|PLAYFAIR MINING|PLY.V|-0.01|0.00|0.00|-4.35|-0.005|0.11|0.12|0.10|"10|000.00"|42.00|56.00|0.12|0.19|0.21|0.11|0.10|0.02|0.11|-||0.11|   ||10.44|"90|775|095.00"|"140|000.00"|"100|340.18"|0.00||-|-|-|-|-|-|-|-|-|||CAD|D|0.00|01/02/2014|01/02/2014|-|17.00|Þ||0.01||
PML|CA|PANORO MINERLS|PML.V|0.00|0.00|0.00|0.0|0.0|0.18|0.20|0.18|0.00|11.00|8.00|0.18|0.14|0.21|0.00|0.00|0.07|0.00|-||0.19|   ||48.87|"264|188|405.00"|0.00|"74|880.93"|0.00||-|-|-|-|-|-|-|-|-|||CAD|D|0.00|-|-|-|0.00| ||0.00||
PMR|CA|PRIME MERIDN RES|PMR.V|0.00|0.00|0.00|6.25|0.005|0.09|0.09|0.08|"5|000.00"|25.00|34.00|0.08|0.08|0.12|0.09|0.09|0.04|0.09|-||0.08|   ||||"20|000.00"|"7|560.63"|0.00||-|-|-|-|-|-|-|-|-|||CAD|D|0.00|08/08/2014|08/08/2014|-|2.00|Þ||0.00||
PMX|CA|PROAM EXPL CP|PMX.V|-0.26|0.00|0.00|0.0|0.0|0.07|0.14|0.07|0.00|20.00|4.00|0.07|0.09|0.14|0.00|0.00|0.05|0.00|-||0.11|   ||0.92|"11|139|743.00"|0.00|"8|798.71"|0.00||-|-|-|-|-|-|-|-|-|||CAD|D|0.00|10/11/2019|10/11/2019|-|0.00| ||0.00||
POC|-|-|-|-|-|-|-|-|-|-|-|-|-|-|-|-|-|-|-|-|-|-|-|-|-|-|-|-|-|-|-|-|-|-|-|-|-|-|-|-|-|-|-|-|-|-|-|-|-|-|-|-|-|-|-
POR|CA|PORTOFINO RESRCE|POR.V|0.00|0.00|0.00|-0.0|-0.0|0.09|0.10|0.09|"6|000.00"|95.00|137.00|0.09|0.24|0.26|0.09|0.09|0.02|0.09|-||0.09|   ||―|0.00|"31|000.00"|"376|274.46"|0.00||-|-|-|-|-|-|-|-|-|||CAD|D|0.00|01/04/2019|01/04/2019|-|7.00| ||0.00||
PP|CA|PACIFIC SLK ROAD|PP.V|0.00|0.00|0.00|-0.0|-0.0|0.04|0.04|0.03|"2|000.00"|119.00|62.00|0.04|0.03|0.04|0.04|0.04|0.01|0.04|-||0.04|   ||0.96|"32|142|562.00"|"6|450.00"|"8|305.20"|0.00||-|-|-|-|-|-|-|-|-|||CAD|D|0.00|09/14/2015|09/14/2015|-|5.00| ||0.00||
PPM|CA|PAC IMPERIAL MNS|PPM.V|0.00|0.00|0.00|-11.11|-0.005|0.04|0.04|0.04|"65|000.00"|55.00|6.00|0.04|0.07|0.07|0.04|0.04|0.01|0.04|-||0.04|   ||||"160|000.00"|"143|334.26"|0.00||-|-|-|-|-|-|-|-|-|||CAD|D|0.00|12/15/1994|12/15/1994|-|5.00|þ||0.00||
PPP|-|-|-|-|-|-|-|-|-|-|-|-|-|-|-|-|-|-|-|-|-|-|-|-|-|-|-|-|-|-|-|-|-|-|-|-|-|-|-|-|-|-|-|-|-|-|-|-|-|-|-|-|-|-|-
PPX|CA|PPX MINING CORP|PPX.V|-0.01|0.00|0.00|0.0|0.0|0.06|0.05|0.04|0.00|6.00|425.00|0.06|0.06|0.10|0.00|0.00|0.04|0.00|-||0.05|   ||27.20|"501|415|848.00"|500.00|"61|022.34"|0.00||-|-|-|-|-|-|-|-|-|||CAD|D|0.00|-|-|-|1.00| ||0.00||
PRB|CA|PROBE METALS INC|PRB.V|-0.09|0.00|0.00|-2.98|-0.05|1.63|1.74|1.62|100.00|3.00|21.00|1.68|1.41|1.95|1.68|1.60|0.54|1.68|-||1.68|   ||218.77|"130|220|387.00"|"108|638.00"|"110|633.45"|0.00||-|-|-|-|-|-|-|-|-|||CAD|D|0.00|03/17/2015|03/17/2015|-|92.00|þ||0.08||
PRG|CA|PRECIPITATE GOLD|PRG.V|-0.02|0.00|0.00|2.04|0.005|0.25|0.27|0.25|"1|000.00"|8.00|28.00|0.24|0.36|0.41|0.26|0.24|0.05|0.24|-||0.26|   ||26.06|"106|373|031.00"|"93|996.00"|"173|378.70"|0.00||-|-|-|-|-|-|-|-|-|||CAD|D|0.00|-|-|-|17.00|þ||0.02||
PRS|CA|PRISM RSCS INC|PRS.V|-0.01|0.00|0.00|-28.57|-0.02|0.05|0.06|0.05|"11|000.00"|10.00|33.00|0.07|0.06|0.07|0.05|0.05|0.01|0.05|-||0.06|   ||3.64|"51|945|393.00"|"24|000.00"|"18|357.05"|0.00||-|-|-|-|-|-|-|-|-|||CAD|D|0.00|01/13/2004|01/13/2004|-|3.00|þ||0.00||
PRZ|-|-|-|-|-|-|-|-|-|-|-|-|-|-|-|-|-|-|-|-|-|-|-|-|-|-|-|-|-|-|-|-|-|-|-|-|-|-|-|-|-|-|-|-|-|-|-|-|-|-|-|-|-|-|-
PSL|CA|PROSPERO SILVER|PSL.V|-0.69|0.00|0.00|-16.67|-0.04|0.20|0.20|0.20|"2|000.00"|19.00|8.00|0.24|0.39|0.49|0.22|0.20|0.10|0.22|-||0.20|   ||1.38|"5|747|189.00"|"10|200.00"|"11|746.62"|0.00||-|-|-|-|-|-|-|-|-|||CAD|D|0.00|07/07/2020|07/07/2020|-|5.00|þ||0.02||
null|-|**SEE<PEGA.V>|PST.V|0.00|0.00|0.00|0.0|0.0||0.00|0.00|0.00|0.00|0.00|0.00|0.00|0.00|0.00|0.00|0.00|0.00|-||0.00|   ||||0.00||0.00||-|-|-|-|-|-|-|-|-|||CAD|D|0.00|-|-|-|0.00| ||0.00||
PTU|CA|PUREPOINT URNM|PTU.V|-0.01|0.00|0.00|-0.0|-0.0|0.09|0.09|0.08|"2|000.00"|"2|091.00"|186.00|0.09|0.07|0.09|0.09|0.09|0.03|0.09|-||0.08|   ||24.06|"267|378|228.00"|"216|544.00"|"316|020.87"|0.00||-|-|-|-|-|-|-|-|-|||CAD|D|0.00|11/21/2014|10/22/2014|-|20.00|Þ||0.00||
PUC|CA|PANCONTNTL RES|PUC.V|-0.01|0.00|0.00|-5.26|-0.005|0.09|0.10|0.09|"27|000.00"|25.00|113.00|0.10|0.10|0.13|0.09|0.09|0.03|0.09|-||0.09|   ||23.06|"242|764|790.00"|"62|250.00"|"127|010.52"|0.00||-|-|-|-|-|-|-|-|-|||CAD|D|0.00|04/19/2002|04/19/2002|-|5.00|þ||0.00||
PUM|-|-|-|-|-|-|-|-|-|-|-|-|-|-|-|-|-|-|-|-|-|-|-|-|-|-|-|-|-|-|-|-|-|-|-|-|-|-|-|-|-|-|-|-|-|-|-|-|-|-|-|-|-|-|-
PWM|CA|POWER METALS COR|PWM.V|-0.01|0.00|0.00|3.03|0.01|0.34|0.34|0.33|500.00|12.00|253.00|0.33|0.48|0.54|0.35|0.34|0.07|0.34|-||0.34|   ||35.30|"104|727|121.00"|"52|582.00"|"190|603.08"|0.00||-|-|-|-|-|-|-|-|-|||CAD|D|0.00|12/04/2014|12/04/2014|-|30.00|þ||0.01||
PX|CA|PELANGIO EXPLORN|PX.V|-0.04|0.00|0.00|-7.69|-0.015|0.18|0.18|0.17|"2|000.00"|10.00|4.00|0.20|0.17|0.27|0.20|0.18|0.10|0.20|-||0.18|   ||13.66|"70|033|043.00"|"12|500.00"|"52|845.45"|0.00||-|-|-|-|-|-|-|-|-|||CAD|D|0.00|07/06/2018|07/06/2018|-|5.00|þ||0.02||
PXA|CA|PHOENIX GOLD RES|PXA.V|-0.08|0.00|0.00|-10.34|-0.03|0.26|0.28|0.26|"1|500.00"|40.00|55.00|0.29|0.38|0.39|0.28|0.26|0.01|0.28|-||0.27|   ||7.94|"27|385|766.00"|"109|214.00"|"45|838.76"|0.00||-|-|-|-|-|-|-|-|-|||CAD|D|0.00|04/03/2019|04/03/2019|-|11.00|þ||0.02||
QGR|CA|Q-GOLD RESOURCES|QGR.V|-0.11|0.00|0.00|-3.85|-0.01|0.25|0.25|0.20|500.00|7.00|55.00|0.26|0.52|0.65|0.25|0.25|0.14|0.25|-||0.23|   ||7.49|"42|616|119.00"|"36|400.00"|"33|493.40"|0.00||-|-|-|-|-|-|-|-|-|||CAD|D|0.00|01/16/2018|01/16/2018|-|11.00|þ||0.00||
QIT|CA|QUINTO RESOURCES|QIT.V|0.00|0.00|0.00|0.0|0.0|0.07|0.01|0.01|0.00|77.00|60.00|0.07|0.07|0.08|0.00|0.00|0.01|0.00|-||0.01|   ||3.16|"41|029|998.00"|0.00|"9|914.81"|0.00||-|-|-|-|-|-|-|-|-|||CAD|D|0.00|-|-|-|0.00| ||0.00||
QMC|CA|QMC QUANTUM MIN|QMC.V|-0.01|0.00|0.00|12.96|0.035|0.30|0.31|0.30|"2|500.00"|20.00|54.00|0.27|0.22|0.27|0.32|0.28|0.06|0.28|-||0.31|   ||20.50|"75|935|824.00"|"694|899.00"|"81|262.46"|0.00||-|-|-|-|-|-|-|-|-|||CAD|D|0.00|-|-|-|183.00|þ||0.04||
QMX|CA|QMX GOLD CORP|QMX.V|0.00|0.00|0.00|-2.63|-0.005|0.18|0.18|0.18|"5|000.00"|20.00|294.00|0.19|0.32|0.38|0.19|0.18|0.06|0.19|-||0.18|   ||72.42|"391|700|172.00"|"714|227.00"|"1|312|731.87"|0.00||-|-|-|-|-|-|-|-|-|||CAD|D|0.00|07/05/2012|07/05/2012|-|46.00|Þ||0.01||
QTA|CA|QUATERRA RES|QTA.V|-0.01|0.00|0.00|6.67|0.005|0.08|0.08|0.07|"8|000.00"|2.00|119.00|0.07|0.12|0.14|0.08|0.08|0.02|0.08|-||0.08|   ||16.53|"218|715|610.00"|"8|000.00"|"55|541.26"|0.00||-|-|-|-|-|-|-|-|-|||CAD|D|0.00|11/14/1997|11/14/1997|-|1.00|Þ||0.00||
QZM|CA|QURTZ MOUNTN ORD|QZM.V|0.22|0.66|0.00|0.0|0.0|0.14|0.20|0.17|0.00|6.00|30.00|0.14|0.18|0.24|0.00|0.00|0.06|0.00|-||0.18|   ||3.87|"26|677|776.00"|0.00|"5|708.57"|0.00||-|-|-|-|-|-|-|-|-|||CAD|D|0.00|06/01/2020|05/27/2020|-|0.00| ||0.00||
RAB|-|-|-|-|-|-|-|-|-|-|-|-|-|-|-|-|-|-|-|-|-|-|-|-|-|-|-|-|-|-|-|-|-|-|-|-|-|-|-|-|-|-|-|-|-|-|-|-|-|-|-|-|-|-|-
RAK|CA|RACKLA METALS|RAK.V|-0.01|0.00|0.00|-0.0|-0.0|0.15|0.20|0.15|"2|500.00"|11.00|45.00|0.15|0.20|0.28|0.15|0.15|0.08|0.15|-||0.17|   ||2.26|"25|261|308.00"|"3|042.00"|"7|758.36"|0.00||-|-|-|-|-|-|-|-|-|||CAD|D|0.00|10/01/2015|10/01/2015|-|4.00| ||0.00||
RBX|CA|RES ROBEX INC|RBX.V|0.07|5.89|0.00|2.3|0.01|0.45|0.45|0.45|500.00|26.00|29.00|0.43|0.47|0.56|0.45|0.44|0.09|0.44|-||0.45|   ||260.62|"599|119|403.00"|"15|500.00"|"170|128.59"|0.00||-|-|-|-|-|-|-|-|-|||CAD|D|0.00|09/25/2020|09/15/2020|-|7.00|þ||0.01||
RCG|US|RENN FUND INC|RCG|-0.20|0.00|0.00|1.7408|0.0308|1.80|0.00|1.77|0.00|0.00|2.00|1.77|1.16|2.06|1.99|1.77|0.90|1.99|-|0.00|0.89|ASQ||10.53|"5|951|955.00"|"23|218.00"|"30|346.75"|0.00||-|-|-|-|-|-|-|-|-|||USD|R|0.00|01/04/2019|-|-|181.00|þ||0.22||
RCK|CA|ROCK TECH LITHIU|RCK.V|-0.06|0.00|0.00|40.06|1.37|4.79|4.80|4.66|900.00|25.00|2.00|3.42|3.61|3.98|4.96|3.62|0.37|3.69|-||4.73|   ||132.71|"38|804|516.00"|"630|133.00"|"36|633.02"|"36|100.00"||-|-|-|-|-|-|-|-|-|||CAD|D|0.00|03/18/2014|03/18/2014|-|"1|002.00"|Þ||1.34||
RCT|CA|ROCHESTER RESCS|RCT.V|-0.02|0.00|0.00|0.0|0.0|0.11|0.13|0.07|0.00|16.00|30.00|0.11|0.09|0.12|0.00|0.00|0.03|0.00|-||0.10|   ||2.57|"23|350|882.00"|0.00|"11|297.51"|0.00||-|-|-|-|-|-|-|-|-|||CAD|D|0.00|02/13/2015|02/13/2015|-|0.00| ||0.00||
RCU|-|-|-|-|-|-|-|-|-|-|-|-|-|-|-|-|-|-|-|-|-|-|-|-|-|-|-|-|-|-|-|-|-|-|-|-|-|-|-|-|-|-|-|-|-|-|-|-|-|-|-|-|-|-|-
RDS|CA|RADISSON MINR|RDS.V|0.00|204.55|0.00|-3.17|-0.01|0.30|0.33|0.30|"3|000.00"|20.00|4.00|0.32|0.31|0.40|0.31|0.30|0.09|0.31|-||0.32|   ||69.20|"219|697|390.00"|"59|100.00"|"187|655.35"|0.00||-|-|-|-|-|-|-|-|-|||CAD|D|0.00|10/17/1997|10/17/1997|-|17.00|þ||0.01||
RDU|CA|RADIUS GOLD|RDU.V|-0.03|0.00|0.00|-8.57|-0.03|0.32|0.34|0.32|"5|000.00"|10.00|22.00|0.35|0.27|0.38|0.34|0.32|0.11|0.34|-||0.33|   ||30.49|"87|118|550.00"|"75|100.00"|"62|552.65"|0.00||-|-|-|-|-|-|-|-|-|||CAD|D|0.00|12/08/2011|12/06/2011|-|12.00|þ||0.02||
REG|CA|REGULUS RESOURCE|REG.V|-0.09|0.00|0.00|-1.08|-0.01|0.92|0.95|0.91|500.00|4.00|55.00|0.93|1.27|1.74|0.93|0.91|0.47|0.92|-||0.93|   ||94.72|"101|849|844.00"|"184|885.00"|"120|298.13"|0.00||-|-|-|-|-|-|-|-|-|||CAD|D|0.00|10/25/2018|09/27/2018|-|105.00|Þ||0.02||
